"filename", "language", "JavaScript", "Properties", "Groovy", "Batch", "JSON", "Log", "XML", "HTML", "CSS", "SCSS", "Java", "TypeScript", "Markdown", "Objective-C", "C++", "comment", "blank", "total"
"e:\byt0\byt\.babelrc.js", "JavaScript", 19, 0, 0, 0, 0, 0, 0, 0, 0, 0, 0, 0, 0, 0, 0, 0, 1, 20
"e:\byt0\byt\.eslintrc.js", "JavaScript", 12, 0, 0, 0, 0, 0, 0, 0, 0, 0, 0, 0, 0, 0, 0, 0, 1, 13
"e:\byt0\byt\.prettierrc", "JSON", 0, 0, 0, 0, 8, 0, 0, 0, 0, 0, 0, 0, 0, 0, 0, 0, 0, 8
"e:\byt0\byt\.prettierrc.js", "JavaScript", 7, 0, 0, 0, 0, 0, 0, 0, 0, 0, 0, 0, 0, 0, 0, 0, 1, 8
"e:\byt0\byt\.watchmanconfig", "JSON", 0, 0, 0, 0, 1, 0, 0, 0, 0, 0, 0, 0, 0, 0, 0, 0, 0, 1
"e:\byt0\byt\App.js", "JavaScript", 16, 0, 0, 0, 0, 0, 0, 0, 0, 0, 0, 0, 0, 0, 0, 0, 2, 18
"e:\byt0\byt\__tests__\App-test.js", "JavaScript", 7, 0, 0, 0, 0, 0, 0, 0, 0, 0, 0, 0, 0, 0, 0, 4, 4, 15
"e:\byt0\byt\android\app\build.gradle", "Groovy", 0, 0, 91, 0, 0, 0, 0, 0, 0, 0, 0, 0, 0, 0, 0, 112, 21, 224
"e:\byt0\byt\android\app\src\debug\AndroidManifest.xml", "XML", 0, 0, 0, 0, 0, 0, 11, 0, 0, 0, 0, 0, 0, 0, 0, 0, 3, 14
"e:\byt0\byt\android\app\src\debug\java\com\bbyt\ReactNativeFlipper.java", "Java", 0, 0, 0, 0, 0, 0, 0, 0, 0, 0, 59, 0, 0, 0, 0, 8, 6, 73
"e:\byt0\byt\android\app\src\main\AndroidManifest.xml", "XML", 0, 0, 0, 0, 0, 0, 15, 0, 0, 0, 0, 0, 0, 0, 0, 0, 3, 18
"e:\byt0\byt\android\app\src\main\assets\static.bundle\TimeLines.html", "HTML", 0, 0, 0, 0, 0, 0, 0, 213, 0, 0, 0, 0, 0, 0, 0, 0, 2, 215
"e:\byt0\byt\android\app\src\main\assets\static.bundle\bianse.html", "HTML", 0, 0, 0, 0, 0, 0, 0, 52, 0, 0, 0, 0, 0, 0, 0, 0, 3, 55
"e:\byt0\byt\android\app\src\main\assets\static.bundle\book.html", "HTML", 0, 0, 0, 0, 0, 0, 0, 65, 0, 0, 0, 0, 0, 0, 0, 2, 4, 71
"e:\byt0\byt\android\app\src\main\assets\static.bundle\card.html", "HTML", 0, 0, 0, 0, 0, 0, 0, 87, 0, 0, 0, 0, 0, 0, 0, 0, 3, 90
"e:\byt0\byt\android\app\src\main\assets\static.bundle\css\bookstyle.css", "CSS", 0, 0, 0, 0, 0, 0, 0, 0, 132, 0, 0, 0, 0, 0, 0, 9, 2, 143
"e:\byt0\byt\android\app\src\main\assets\static.bundle\css\cardstyle.css", "CSS", 0, 0, 0, 0, 0, 0, 0, 0, 271, 0, 0, 0, 0, 0, 0, 1, 6, 278
"e:\byt0\byt\android\app\src\main\assets\static.bundle\css\demo.css", "CSS", 0, 0, 0, 0, 0, 0, 0, 0, 615, 0, 0, 0, 0, 0, 0, 6, 98, 719
"e:\byt0\byt\android\app\src\main\assets\static.bundle\css\htmleaf-demo.css", "CSS", 0, 0, 0, 0, 0, 0, 0, 0, 204, 0, 0, 0, 0, 0, 0, 9, 21, 234
"e:\byt0\byt\android\app\src\main\assets\static.bundle\css\jquery.eeyellow.Timeline.css", "CSS", 0, 0, 0, 0, 0, 0, 0, 0, 197, 0, 0, 0, 0, 0, 0, 8, 22, 227
"e:\byt0\byt\android\app\src\main\assets\static.bundle\css\menustyle.css", "CSS", 0, 0, 0, 0, 0, 0, 0, 0, 87, 0, 0, 0, 0, 0, 0, 0, 2, 89
"e:\byt0\byt\android\app\src\main\assets\static.bundle\css\normalize.css", "CSS", 0, 0, 0, 0, 0, 0, 0, 0, 1, 0, 0, 0, 0, 0, 0, 0, 1, 2
"e:\byt0\byt\android\app\src\main\assets\static.bundle\css\sfqstyle.css", "CSS", 0, 0, 0, 0, 0, 0, 0, 0, 366, 0, 0, 0, 0, 0, 0, 0, 5, 371
"e:\byt0\byt\android\app\src\main\assets\static.bundle\css\swiper.min.css", "CSS", 0, 0, 0, 0, 0, 0, 0, 0, 1, 0, 0, 0, 0, 0, 0, 11, 0, 12
"e:\byt0\byt\android\app\src\main\assets\static.bundle\css\zhibo.css", "CSS", 0, 0, 0, 0, 0, 0, 0, 0, 205, 0, 0, 0, 0, 0, 0, 7, 37, 249
"e:\byt0\byt\android\app\src\main\assets\static.bundle\dist\APlayer.min.css", "CSS", 0, 0, 0, 0, 0, 0, 0, 0, 310, 0, 0, 0, 0, 0, 0, 9, 54, 373
"e:\byt0\byt\android\app\src\main\assets\static.bundle\dist\APlayer.min.js", "JavaScript", 20, 0, 0, 0, 0, 0, 0, 0, 0, 0, 0, 0, 0, 0, 0, 0, 3, 23
"e:\byt0\byt\android\app\src\main\assets\static.bundle\dist\font\aplayer-fontello.svg", "XML", 0, 0, 0, 0, 0, 0, 21, 0, 0, 0, 0, 0, 0, 0, 0, 0, 0, 21
"e:\byt0\byt\android\app\src\main\assets\static.bundle\fonts\icomoon.svg", "XML", 0, 0, 0, 0, 0, 0, 12, 0, 0, 0, 0, 0, 0, 0, 0, 0, 0, 12
"e:\byt0\byt\android\app\src\main\assets\static.bundle\img\drag.svg", "XML", 0, 0, 0, 0, 0, 0, 26, 0, 0, 0, 0, 0, 0, 0, 0, 1, 1, 28
"e:\byt0\byt\android\app\src\main\assets\static.bundle\img\drop_reset.svg", "XML", 0, 0, 0, 0, 0, 0, 1, 0, 0, 0, 0, 0, 0, 0, 0, 0, 0, 1
"e:\byt0\byt\android\app\src\main\assets\static.bundle\img\time.svg", "XML", 0, 0, 0, 0, 0, 0, 23, 0, 0, 0, 0, 0, 0, 0, 0, 1, 1, 25
"e:\byt0\byt\android\app\src\main\assets\static.bundle\index.html", "HTML", 0, 0, 0, 0, 0, 0, 0, 260, 0, 0, 0, 0, 0, 0, 0, 12, 6, 278
"e:\byt0\byt\android\app\src\main\assets\static.bundle\index1.html", "HTML", 0, 0, 0, 0, 0, 0, 0, 57, 0, 0, 0, 0, 0, 0, 0, 0, 6, 63
"e:\byt0\byt\android\app\src\main\assets\static.bundle\js\XWdmzJg.js", "JavaScript", 2110, 0, 0, 0, 0, 0, 0, 0, 0, 0, 0, 0, 0, 0, 0, 170, 1072, 3352
"e:\byt0\byt\android\app\src\main\assets\static.bundle\js\bookscript.js", "JavaScript", 26, 0, 0, 0, 0, 0, 0, 0, 0, 0, 0, 0, 0, 0, 0, 6, 3, 35
"e:\byt0\byt\android\app\src\main\assets\static.bundle\js\classie.js", "JavaScript", 52, 0, 0, 0, 0, 0, 0, 0, 0, 0, 0, 0, 0, 0, 0, 22, 11, 85
"e:\byt0\byt\android\app\src\main\assets\static.bundle\js\data.js", "JavaScript", 260, 0, 0, 0, 0, 0, 0, 0, 0, 0, 0, 0, 0, 0, 0, 0, 0, 260
"e:\byt0\byt\android\app\src\main\assets\static.bundle\js\flutter-hearts-zmt.js", "JavaScript", 131, 0, 0, 0, 0, 0, 0, 0, 0, 0, 0, 0, 0, 0, 0, 24, 7, 162
"e:\byt0\byt\android\app\src\main\assets\static.bundle\js\interact-1.2.4.min.js", "JavaScript", 2, 0, 0, 0, 0, 0, 0, 0, 0, 0, 0, 0, 0, 0, 0, 1, 0, 3
"e:\byt0\byt\android\app\src\main\assets\static.bundle\js\jquery-1.11.0.min.js", "JavaScript", 3, 0, 0, 0, 0, 0, 0, 0, 0, 0, 0, 0, 0, 0, 0, 1, 0, 4
"e:\byt0\byt\android\app\src\main\assets\static.bundle\js\jquery.eeyellow.Timeline.js", "JavaScript", 135, 0, 0, 0, 0, 0, 0, 0, 0, 0, 0, 0, 0, 0, 0, 11, 17, 163
"e:\byt0\byt\android\app\src\main\assets\static.bundle\js\jquery.min.js", "JavaScript", 3, 0, 0, 0, 0, 0, 0, 0, 0, 0, 0, 0, 0, 0, 0, 1, 1, 5
"e:\byt0\byt\android\app\src\main\assets\static.bundle\js\main.js", "JavaScript", 128, 0, 0, 0, 0, 0, 0, 0, 0, 0, 0, 0, 0, 0, 0, 18, 26, 172
"e:\byt0\byt\android\app\src\main\assets\static.bundle\js\main2.js", "JavaScript", 128, 0, 0, 0, 0, 0, 0, 0, 0, 0, 0, 0, 0, 0, 0, 27, 25, 180
"e:\byt0\byt\android\app\src\main\assets\static.bundle\js\modernizr.custom.js", "JavaScript", 327, 0, 0, 0, 0, 0, 0, 0, 0, 0, 0, 0, 0, 0, 0, 3, 21, 351
"e:\byt0\byt\android\app\src\main\assets\static.bundle\js\script.js", "JavaScript", 96, 0, 0, 0, 0, 0, 0, 0, 0, 0, 0, 0, 0, 0, 0, 1, 26, 123
"e:\byt0\byt\android\app\src\main\assets\static.bundle\js\swiper.min.js", "JavaScript", 1, 0, 0, 0, 0, 0, 0, 0, 0, 0, 0, 0, 0, 0, 0, 12, 1, 14
"e:\byt0\byt\android\app\src\main\assets\static.bundle\menu.html", "HTML", 0, 0, 0, 0, 0, 0, 0, 172, 0, 0, 0, 0, 0, 0, 0, 0, 13, 185
"e:\byt0\byt\android\app\src\main\assets\static.bundle\music.html", "HTML", 0, 0, 0, 0, 0, 0, 0, 153, 0, 0, 0, 0, 0, 0, 0, 7, 13, 173
"e:\byt0\byt\android\app\src\main\assets\static.bundle\scss\style.scss", "SCSS", 0, 0, 0, 0, 0, 0, 0, 0, 0, 87, 0, 0, 0, 0, 0, 0, 6, 93
"e:\byt0\byt\android\app\src\main\assets\static.bundle\sfq.html", "HTML", 0, 0, 0, 0, 0, 0, 0, 99, 0, 0, 0, 0, 0, 0, 0, 1, 4, 104
"e:\byt0\byt\android\app\src\main\assets\static.bundle\src\APlayer.js", "JavaScript", 276, 0, 0, 0, 0, 0, 0, 0, 0, 0, 0, 0, 0, 0, 0, 22, 25, 323
"e:\byt0\byt\android\app\src\main\assets\static.bundle\src\font\aplayer-fontello.svg", "XML", 0, 0, 0, 0, 0, 0, 21, 0, 0, 0, 0, 0, 0, 0, 0, 0, 0, 21
"e:\byt0\byt\android\app\src\main\assets\static.bundle\timeLine.html", "HTML", 0, 0, 0, 0, 0, 0, 0, 587, 0, 0, 0, 0, 0, 0, 0, 4, 14, 605
"e:\byt0\byt\android\app\src\main\java\com\bbyt\MainActivity.java", "Java", 0, 0, 0, 0, 0, 0, 0, 0, 0, 0, 8, 0, 0, 0, 0, 4, 4, 16
"e:\byt0\byt\android\app\src\main\java\com\bbyt\MainApplication.java", "Java", 0, 0, 0, 0, 0, 0, 0, 0, 0, 0, 72, 0, 0, 0, 0, 14, 8, 94
"e:\byt0\byt\android\app\src\main\java\com\bbyt\generated\BasePackageList.java", "Java", 0, 0, 0, 0, 0, 0, 0, 0, 0, 0, 14, 0, 0, 0, 0, 0, 3, 17
"e:\byt0\byt\android\app\src\main\res\values\strings.xml", "XML", 0, 0, 0, 0, 0, 0, 3, 0, 0, 0, 0, 0, 0, 0, 0, 0, 1, 4
"e:\byt0\byt\android\app\src\main\res\values\styles.xml", "XML", 0, 0, 0, 0, 0, 0, 5, 0, 0, 0, 0, 0, 0, 0, 0, 2, 3, 10
"e:\byt0\byt\android\build.gradle", "Groovy", 0, 0, 30, 0, 0, 0, 0, 0, 0, 0, 0, 0, 0, 0, 0, 5, 4, 39
"e:\byt0\byt\android\gradle.properties", "Properties", 0, 3, 0, 0, 0, 0, 0, 0, 0, 0, 0, 0, 0, 0, 0, 19, 7, 29
"e:\byt0\byt\android\gradle\wrapper\gradle-wrapper.properties", "Properties", 0, 5, 0, 0, 0, 0, 0, 0, 0, 0, 0, 0, 0, 0, 0, 0, 1, 6
"e:\byt0\byt\android\gradlew.bat", "Batch", 0, 0, 0, 68, 0, 0, 0, 0, 0, 0, 0, 0, 0, 0, 0, 0, 22, 90
"e:\byt0\byt\android\settings.gradle", "Groovy", 0, 0, 13, 0, 0, 0, 0, 0, 0, 0, 0, 0, 0, 0, 0, 0, 2, 15
"e:\byt0\byt\app.json", "JSON", 0, 0, 0, 0, 4, 0, 0, 0, 0, 0, 0, 0, 0, 0, 0, 0, 0, 4
"e:\byt0\byt\babel.config.js", "JavaScript", 6, 0, 0, 0, 0, 0, 0, 0, 0, 0, 0, 0, 0, 0, 0, 14, 2, 22
"e:\byt0\byt\index.js", "JavaScript", 11, 0, 0, 0, 0, 0, 0, 0, 0, 0, 0, 0, 0, 0, 0, 3, 4, 18
"e:\byt0\byt\ios\bbytTests\bbytTests.m", "Objective-C", 0, 0, 0, 0, 0, 0, 0, 0, 0, 0, 0, 0, 0, 51, 0, 0, 15, 66
"e:\byt0\byt\ios\bbyt\AppDelegate.h", "C++", 0, 0, 0, 0, 0, 0, 0, 0, 0, 0, 0, 0, 0, 0, 5, 0, 4, 9
"e:\byt0\byt\ios\bbyt\AppDelegate.m", "Objective-C", 0, 0, 0, 0, 0, 0, 0, 0, 0, 0, 0, 0, 0, 52, 0, 0, 11, 63
"e:\byt0\byt\ios\bbyt\Images.xcassets\AppIcon.appiconset\Contents.json", "JSON", 0, 0, 0, 0, 38, 0, 0, 0, 0, 0, 0, 0, 0, 0, 0, 0, 0, 38
"e:\byt0\byt\ios\bbyt\Images.xcassets\Contents.json", "JSON", 0, 0, 0, 0, 6, 0, 0, 0, 0, 0, 0, 0, 0, 0, 0, 0, 1, 7
"e:\byt0\byt\ios\bbyt\LaunchScreen.storyboard", "XML", 0, 0, 0, 0, 0, 0, 46, 0, 0, 0, 0, 0, 0, 0, 0, 1, 1, 48
"e:\byt0\byt\ios\bbyt\main.m", "Objective-C", 0, 0, 0, 0, 0, 0, 0, 0, 0, 0, 0, 0, 0, 7, 0, 0, 3, 10
"e:\byt0\byt\lottie\40716-musicsoundequalizer.json", "JSON", 0, 0, 0, 0, 1, 0, 0, 0, 0, 0, 0, 0, 0, 0, 0, 0, 0, 1
"e:\byt0\byt\lottie\check.json", "JSON", 0, 0, 0, 0, 1, 0, 0, 0, 0, 0, 0, 0, 0, 0, 0, 0, 0, 1
"e:\byt0\byt\lottie\fast.json", "JSON", 0, 0, 0, 0, 1, 0, 0, 0, 0, 0, 0, 0, 0, 0, 0, 0, 0, 1
"e:\byt0\byt\lottie\fast1.json", "JSON", 0, 0, 0, 0, 1, 0, 0, 0, 0, 0, 0, 0, 0, 0, 0, 0, 0, 1
"e:\byt0\byt\lottie\lf30_editor_daidtw39.json", "JSON", 0, 0, 0, 0, 1, 0, 0, 0, 0, 0, 0, 0, 0, 0, 0, 0, 0, 1
"e:\byt0\byt\lottie\next.json", "JSON", 0, 0, 0, 0, 848, 0, 0, 0, 0, 0, 0, 0, 0, 0, 0, 0, 0, 848
"e:\byt0\byt\lottie\okey.json", "JSON", 0, 0, 0, 0, 1, 0, 0, 0, 0, 0, 0, 0, 0, 0, 0, 0, 0, 1
"e:\byt0\byt\lottie\start.json", "JSON", 0, 0, 0, 0, 1, 0, 0, 0, 0, 0, 0, 0, 0, 0, 0, 0, 0, 1
"e:\byt0\byt\lottie\text.json", "JSON", 0, 0, 0, 0, 61097, 0, 0, 0, 0, 0, 0, 0, 0, 0, 0, 0, 0, 61097
"e:\byt0\byt\metro.config.js", "JavaScript", 10, 0, 0, 0, 0, 0, 0, 0, 0, 0, 0, 0, 0, 0, 0, 6, 2, 18
"e:\byt0\byt\npm_dependence.log", "Log", 0, 0, 0, 0, 0, 105, 0, 0, 0, 0, 0, 0, 0, 0, 0, 0, 0, 105
"e:\byt0\byt\package-lock.json", "JSON", 0, 0, 0, 0, 11282, 0, 0, 0, 0, 0, 0, 0, 0, 0, 0, 0, 1, 11283
"e:\byt0\byt\package.json", "JSON", 0, 0, 0, 0, 93, 0, 0, 0, 0, 0, 0, 0, 0, 0, 0, 0, 1, 94
"e:\byt0\byt\src\CustormerBar.js", "JavaScript", 60, 0, 0, 0, 0, 0, 0, 0, 0, 0, 0, 0, 0, 0, 0, 0, 1, 61
"e:\byt0\byt\src\component\FollowButton.js", "JavaScript", 34, 0, 0, 0, 0, 0, 0, 0, 0, 0, 0, 0, 0, 0, 0, 0, 4, 38
"e:\byt0\byt\src\component\ImageFade\index.js", "JavaScript", 104, 0, 0, 0, 0, 0, 0, 0, 0, 0, 0, 0, 0, 0, 0, 12, 5, 121
"e:\byt0\byt\src\component\SnapCarousel\index.js", "JavaScript", 93, 0, 0, 0, 0, 0, 0, 0, 0, 0, 0, 0, 0, 0, 0, 5, 9, 107
"e:\byt0\byt\src\component\Video\ExpandText.js", "JavaScript", 93, 0, 0, 0, 0, 0, 0, 0, 0, 0, 0, 0, 0, 0, 0, 0, 5, 98
"e:\byt0\byt\src\component\Video\button.js", "JavaScript", 59, 0, 0, 0, 0, 0, 0, 0, 0, 0, 0, 0, 0, 0, 0, 0, 1, 60
"e:\byt0\byt\src\component\Video\index.js", "JavaScript", 310, 0, 0, 0, 0, 0, 0, 0, 0, 0, 0, 0, 0, 0, 0, 2, 6, 318
"e:\byt0\byt\src\component\Video\listItem.js", "JavaScript", 120, 0, 0, 0, 0, 0, 0, 0, 0, 0, 0, 0, 0, 0, 0, 0, 8, 128
"e:\byt0\byt\src\component\Video\svgUri.js", "JavaScript", 5, 0, 0, 0, 0, 0, 0, 0, 0, 0, 0, 0, 0, 0, 0, 0, 0, 5
"e:\byt0\byt\src\component\common\Modal.js", "JavaScript", 103, 0, 0, 0, 0, 0, 0, 0, 0, 0, 0, 0, 0, 0, 0, 2, 2, 107
"e:\byt0\byt\src\component\common\Swiper.js", "JavaScript", 64, 0, 0, 0, 0, 0, 0, 0, 0, 0, 0, 0, 0, 0, 0, 6, 8, 78
"e:\byt0\byt\src\component\common\accordion.js", "JavaScript", 97, 0, 0, 0, 0, 0, 0, 0, 0, 0, 0, 0, 0, 0, 0, 0, 1, 98
"e:\byt0\byt\src\component\common\actressview.js", "JavaScript", 39, 0, 0, 0, 0, 0, 0, 0, 0, 0, 0, 0, 0, 0, 0, 0, 2, 41
"e:\byt0\byt\src\component\common\albummenu.js", "JavaScript", 124, 0, 0, 0, 0, 0, 0, 0, 0, 0, 0, 0, 0, 0, 0, 0, 6, 130
"e:\byt0\byt\src\component\common\commonInput.js", "JavaScript", 29, 0, 0, 0, 0, 0, 0, 0, 0, 0, 0, 0, 0, 0, 0, 0, 5, 34
"e:\byt0\byt\src\component\common\dongtaiTop.js", "JavaScript", 168, 0, 0, 0, 0, 0, 0, 0, 0, 0, 0, 0, 0, 0, 0, 0, 4, 172
"e:\byt0\byt\src\component\common\generview.js", "JavaScript", 50, 0, 0, 0, 0, 0, 0, 0, 0, 0, 0, 0, 0, 0, 0, 0, 2, 52
"e:\byt0\byt\src\component\common\hidemenu.js", "JavaScript", 486, 0, 0, 0, 0, 0, 0, 0, 0, 0, 0, 0, 0, 0, 0, 9, 7, 502
"e:\byt0\byt\src\component\common\iconSvg.js", "JavaScript", 76, 0, 0, 0, 0, 0, 0, 0, 0, 0, 0, 0, 0, 0, 0, 12, 1, 89
"e:\byt0\byt\src\component\common\index.js", "JavaScript", 97, 0, 0, 0, 0, 0, 0, 0, 0, 0, 0, 0, 0, 0, 0, 4, 6, 107
"e:\byt0\byt\src\component\common\list.js", "JavaScript", 18, 0, 0, 0, 0, 0, 0, 0, 0, 0, 0, 0, 0, 0, 0, 0, 4, 22
"e:\byt0\byt\src\component\common\pop.js", "JavaScript", 106, 0, 0, 0, 0, 0, 0, 0, 0, 0, 0, 0, 0, 0, 0, 4, 4, 114
"e:\byt0\byt\src\component\common\qiandao.js", "JavaScript", 222, 0, 0, 0, 0, 0, 0, 0, 0, 0, 0, 0, 0, 0, 0, 0, 3, 225
"e:\byt0\byt\src\component\common\recommendcard.js", "JavaScript", 329, 0, 0, 0, 0, 0, 0, 0, 0, 0, 0, 0, 0, 0, 0, 43, 14, 386
"e:\byt0\byt\src\component\common\slider.js", "JavaScript", 45, 0, 0, 0, 0, 0, 0, 0, 0, 0, 0, 0, 0, 0, 0, 3, 5, 53
"e:\byt0\byt\src\component\common\songmenu.js", "JavaScript", 103, 0, 0, 0, 0, 0, 0, 0, 0, 0, 0, 0, 0, 0, 0, 0, 7, 110
"e:\byt0\byt\src\component\common\swpierItem.js", "JavaScript", 153, 0, 0, 0, 0, 0, 0, 0, 0, 0, 0, 0, 0, 0, 0, 11, 4, 168
"e:\byt0\byt\src\component\common\teaset\README.md", "Markdown", 0, 0, 0, 0, 0, 0, 0, 0, 0, 0, 0, 0, 105, 0, 0, 0, 42, 147
"e:\byt0\byt\src\component\common\teaset\components\ActionPopover\ActionPopover.js", "JavaScript", 17, 0, 0, 0, 0, 0, 0, 0, 0, 0, 0, 0, 0, 0, 0, 5, 6, 28
"e:\byt0\byt\src\component\common\teaset\components\ActionPopover\ActionPopoverItem.js", "JavaScript", 56, 0, 0, 0, 0, 0, 0, 0, 0, 0, 0, 0, 0, 0, 0, 1, 12, 69
"e:\byt0\byt\src\component\common\teaset\components\ActionPopover\ActionPopoverView.js", "JavaScript", 59, 0, 0, 0, 0, 0, 0, 0, 0, 0, 0, 0, 0, 0, 0, 1, 10, 70
"e:\byt0\byt\src\component\common\teaset\components\ActionSheet\ActionSheet.js", "JavaScript", 17, 0, 0, 0, 0, 0, 0, 0, 0, 0, 0, 0, 0, 0, 0, 5, 6, 28
"e:\byt0\byt\src\component\common\teaset\components\ActionSheet\ActionSheetItem.js", "JavaScript", 136, 0, 0, 0, 0, 0, 0, 0, 0, 0, 0, 0, 0, 0, 0, 1, 12, 149
"e:\byt0\byt\src\component\common\teaset\components\ActionSheet\ActionSheetView.js", "JavaScript", 88, 0, 0, 0, 0, 0, 0, 0, 0, 0, 0, 0, 0, 0, 0, 1, 12, 101
"e:\byt0\byt\src\component\common\teaset\components\AlbumView\AlbumSheet.js", "JavaScript", 329, 0, 0, 0, 0, 0, 0, 0, 0, 0, 0, 0, 0, 0, 0, 2, 35, 366
"e:\byt0\byt\src\component\common\teaset\components\AlbumView\AlbumView.deprecated.js", "JavaScript", 506, 0, 0, 0, 0, 0, 0, 0, 0, 0, 0, 0, 0, 0, 0, 4, 54, 564
"e:\byt0\byt\src\component\common\teaset\components\AlbumView\AlbumView.js", "JavaScript", 260, 0, 0, 0, 0, 0, 0, 0, 0, 0, 0, 0, 0, 0, 0, 2, 33, 295
"e:\byt0\byt\src\component\common\teaset\components\Badge\Badge.js", "JavaScript", 92, 0, 0, 0, 0, 0, 0, 0, 0, 0, 0, 0, 0, 0, 0, 1, 13, 106
"e:\byt0\byt\src\component\common\teaset\components\BasePage\BasePage.js", "JavaScript", 103, 0, 0, 0, 0, 0, 0, 0, 0, 0, 0, 0, 0, 0, 0, 4, 17, 124
"e:\byt0\byt\src\component\common\teaset\components\Button\Button.js", "JavaScript", 190, 0, 0, 0, 0, 0, 0, 0, 0, 0, 0, 0, 0, 0, 0, 1, 16, 207
"e:\byt0\byt\src\component\common\teaset\components\Carousel\Carousel.js", "JavaScript", 217, 0, 0, 0, 0, 0, 0, 0, 0, 0, 0, 0, 0, 0, 0, 20, 38, 275
"e:\byt0\byt\src\component\common\teaset\components\Carousel\CarouselControl.js", "JavaScript", 102, 0, 0, 0, 0, 0, 0, 0, 0, 0, 0, 0, 0, 0, 0, 1, 13, 116
"e:\byt0\byt\src\component\common\teaset\components\Checkbox\Checkbox.js", "JavaScript", 129, 0, 0, 0, 0, 0, 0, 0, 0, 0, 0, 0, 0, 0, 0, 1, 23, 153
"e:\byt0\byt\src\component\common\teaset\components\Drawer\Drawer.js", "JavaScript", 21, 0, 0, 0, 0, 0, 0, 0, 0, 0, 0, 0, 0, 0, 0, 1, 9, 31
"e:\byt0\byt\src\component\common\teaset\components\Input\Input.js", "JavaScript", 66, 0, 0, 0, 0, 0, 0, 0, 0, 0, 0, 0, 0, 0, 0, 1, 12, 79
"e:\byt0\byt\src\component\common\teaset\components\KeyboardSpace\KeyboardSpace.js", "JavaScript", 77, 0, 0, 0, 0, 0, 0, 0, 0, 0, 0, 0, 0, 0, 0, 2, 15, 94
"e:\byt0\byt\src\component\common\teaset\components\Label\Label.js", "JavaScript", 61, 0, 0, 0, 0, 0, 0, 0, 0, 0, 0, 0, 0, 0, 0, 1, 11, 73
"e:\byt0\byt\src\component\common\teaset\components\ListRow\ListRow.js", "JavaScript", 215, 0, 0, 0, 0, 0, 0, 0, 0, 0, 0, 0, 0, 0, 0, 1, 27, 243
"e:\byt0\byt\src\component\common\teaset\components\ListRow\SwipeActionButton.js", "JavaScript", 45, 0, 0, 0, 0, 0, 0, 0, 0, 0, 0, 0, 0, 0, 0, 1, 13, 59
"e:\byt0\byt\src\component\common\teaset\components\ListRow\SwipeTouchableOpacity.js", "JavaScript", 143, 0, 0, 0, 0, 0, 0, 0, 0, 0, 0, 0, 0, 0, 0, 1, 27, 171
"e:\byt0\byt\src\component\common\teaset\components\ListRow\TouchableOpacity.js", "JavaScript", 161, 0, 0, 0, 0, 0, 0, 0, 0, 0, 0, 0, 0, 0, 0, 4, 24, 189
"e:\byt0\byt\src\component\common\teaset\components\Menu\Menu.js", "JavaScript", 13, 0, 0, 0, 0, 0, 0, 0, 0, 0, 0, 0, 0, 0, 0, 6, 9, 28
"e:\byt0\byt\src\component\common\teaset\components\Menu\MenuItem.js", "JavaScript", 71, 0, 0, 0, 0, 0, 0, 0, 0, 0, 0, 0, 0, 0, 0, 1, 11, 83
"e:\byt0\byt\src\component\common\teaset\components\Menu\MenuView.js", "JavaScript", 73, 0, 0, 0, 0, 0, 0, 0, 0, 0, 0, 0, 0, 0, 0, 1, 12, 86
"e:\byt0\byt\src\component\common\teaset\components\ModalIndicator\ModalIndicator.js", "JavaScript", 26, 0, 0, 0, 0, 0, 0, 0, 0, 0, 0, 0, 0, 0, 0, 1, 10, 37
"e:\byt0\byt\src\component\common\teaset\components\ModalIndicator\ModalIndicatorView.js", "JavaScript", 59, 0, 0, 0, 0, 0, 0, 0, 0, 0, 0, 0, 0, 0, 0, 1, 13, 73
"e:\byt0\byt\src\component\common\teaset\components\NavigationBar\NavigationBackButton.js", "JavaScript", 39, 0, 0, 0, 0, 0, 0, 0, 0, 0, 0, 0, 0, 0, 0, 1, 14, 54
"e:\byt0\byt\src\component\common\teaset\components\NavigationBar\NavigationBar.js", "JavaScript", 211, 0, 0, 0, 0, 0, 0, 0, 0, 0, 0, 0, 0, 0, 0, 2, 30, 243
"e:\byt0\byt\src\component\common\teaset\components\NavigationBar\NavigationButton.js", "JavaScript", 38, 0, 0, 0, 0, 0, 0, 0, 0, 0, 0, 0, 0, 0, 0, 1, 11, 50
"e:\byt0\byt\src\component\common\teaset\components\NavigationBar\NavigationIconButton.js", "JavaScript", 22, 0, 0, 0, 0, 0, 0, 0, 0, 0, 0, 0, 0, 0, 0, 1, 9, 32
"e:\byt0\byt\src\component\common\teaset\components\NavigationBar\NavigationLinkButton.js", "JavaScript", 22, 0, 0, 0, 0, 0, 0, 0, 0, 0, 0, 0, 0, 0, 0, 1, 9, 32
"e:\byt0\byt\src\component\common\teaset\components\NavigationBar\NavigationTitle.js", "JavaScript", 36, 0, 0, 0, 0, 0, 0, 0, 0, 0, 0, 0, 0, 0, 0, 1, 12, 49
"e:\byt0\byt\src\component\common\teaset\components\NavigationPage\NavigationPage.js", "JavaScript", 84, 0, 0, 0, 0, 0, 0, 0, 0, 0, 0, 0, 0, 0, 0, 1, 21, 106
"e:\byt0\byt\src\component\common\teaset\components\Overlay\Overlay.js", "JavaScript", 35, 0, 0, 0, 0, 0, 0, 0, 0, 0, 0, 0, 0, 0, 0, 7, 11, 53
"e:\byt0\byt\src\component\common\teaset\components\Overlay\OverlayPopView.js", "JavaScript", 170, 0, 0, 0, 0, 0, 0, 0, 0, 0, 0, 0, 0, 0, 0, 1, 19, 190
"e:\byt0\byt\src\component\common\teaset\components\Overlay\OverlayPopoverView.js", "JavaScript", 167, 0, 0, 0, 0, 0, 0, 0, 0, 0, 0, 0, 0, 0, 0, 4, 20, 191
"e:\byt0\byt\src\component\common\teaset\components\Overlay\OverlayPullView.js", "JavaScript", 156, 0, 0, 0, 0, 0, 0, 0, 0, 0, 0, 0, 0, 0, 0, 2, 23, 181
"e:\byt0\byt\src\component\common\teaset\components\Overlay\OverlayView.js", "JavaScript", 168, 0, 0, 0, 0, 0, 0, 0, 0, 0, 0, 0, 0, 0, 0, 1, 27, 196
"e:\byt0\byt\src\component\common\teaset\components\Overlay\TopView.js", "JavaScript", 233, 0, 0, 0, 0, 0, 0, 0, 0, 0, 0, 0, 0, 0, 0, 1, 34, 268
"e:\byt0\byt\src\component\common\teaset\components\PopoverPicker\PopoverPicker.js", "JavaScript", 19, 0, 0, 0, 0, 0, 0, 0, 0, 0, 0, 0, 0, 0, 0, 3, 9, 31
"e:\byt0\byt\src\component\common\teaset\components\PopoverPicker\PopoverPickerItem.js", "JavaScript", 63, 0, 0, 0, 0, 0, 0, 0, 0, 0, 0, 0, 0, 0, 0, 1, 11, 75
"e:\byt0\byt\src\component\common\teaset\components\PopoverPicker\PopoverPickerView.js", "JavaScript", 67, 0, 0, 0, 0, 0, 0, 0, 0, 0, 0, 0, 0, 0, 0, 1, 14, 82
"e:\byt0\byt\src\component\common\teaset\components\Popover\Popover.js", "JavaScript", 177, 0, 0, 0, 0, 0, 0, 0, 0, 0, 0, 0, 0, 0, 0, 1, 22, 200
"e:\byt0\byt\src\component\common\teaset\components\Projector\Projector.js", "JavaScript", 49, 0, 0, 0, 0, 0, 0, 0, 0, 0, 0, 0, 0, 0, 0, 1, 9, 59
"e:\byt0\byt\src\component\common\teaset\components\PullPicker\PullPicker.js", "JavaScript", 19, 0, 0, 0, 0, 0, 0, 0, 0, 0, 0, 0, 0, 0, 0, 2, 6, 27
"e:\byt0\byt\src\component\common\teaset\components\PullPicker\PullPickerItem.js", "JavaScript", 13, 0, 0, 0, 0, 0, 0, 0, 0, 0, 0, 0, 0, 0, 0, 1, 10, 24
"e:\byt0\byt\src\component\common\teaset\components\PullPicker\PullPickerView.js", "JavaScript", 67, 0, 0, 0, 0, 0, 0, 0, 0, 0, 0, 0, 0, 0, 0, 1, 13, 81
"e:\byt0\byt\src\component\common\teaset\components\SearchInput\SearchInput.js", "JavaScript", 153, 0, 0, 0, 0, 0, 0, 0, 0, 0, 0, 0, 0, 0, 0, 1, 26, 180
"e:\byt0\byt\src\component\common\teaset\components\SegmentedBar\SegmentedBar.js", "JavaScript", 268, 0, 0, 0, 0, 0, 0, 0, 0, 0, 0, 0, 0, 0, 0, 1, 30, 299
"e:\byt0\byt\src\component\common\teaset\components\SegmentedBar\SegmentedItem.js", "JavaScript", 119, 0, 0, 0, 0, 0, 0, 0, 0, 0, 0, 0, 0, 0, 0, 1, 13, 133
"e:\byt0\byt\src\component\common\teaset\components\SegmentedView\SegmentedSheet.js", "JavaScript", 28, 0, 0, 0, 0, 0, 0, 0, 0, 0, 0, 0, 0, 0, 0, 1, 6, 35
"e:\byt0\byt\src\component\common\teaset\components\SegmentedView\SegmentedView.js", "JavaScript", 176, 0, 0, 0, 0, 0, 0, 0, 0, 0, 0, 0, 0, 0, 0, 2, 20, 198
"e:\byt0\byt\src\component\common\teaset\components\Select\Select.js", "JavaScript", 310, 0, 0, 0, 0, 0, 0, 0, 0, 0, 0, 0, 0, 0, 0, 1, 25, 336
"e:\byt0\byt\src\component\common\teaset\components\Stepper\Stepper.js", "JavaScript", 223, 0, 0, 0, 0, 0, 0, 0, 0, 0, 0, 0, 0, 0, 0, 1, 27, 251
"e:\byt0\byt\src\component\common\teaset\components\TabView\TabButton.js", "JavaScript", 139, 0, 0, 0, 0, 0, 0, 0, 0, 0, 0, 0, 0, 0, 0, 1, 16, 156
"e:\byt0\byt\src\component\common\teaset\components\TabView\TabSheet.js", "JavaScript", 37, 0, 0, 0, 0, 0, 0, 0, 0, 0, 0, 0, 0, 0, 0, 1, 7, 45
"e:\byt0\byt\src\component\common\teaset\components\TabView\TabView.js", "JavaScript", 171, 0, 0, 0, 0, 0, 0, 0, 0, 0, 0, 0, 0, 0, 0, 2, 17, 190
"e:\byt0\byt\src\component\common\teaset\components\TeaNavigator\TeaNavigator.js", "JavaScript", 84, 0, 0, 0, 0, 0, 0, 0, 0, 0, 0, 0, 0, 0, 0, 2, 11, 97
"e:\byt0\byt\src\component\common\teaset\components\TeaNavigator\TeaNavigatorScene.js", "JavaScript", 487, 0, 0, 0, 0, 0, 0, 0, 0, 0, 0, 0, 0, 0, 0, 37, 56, 580
"e:\byt0\byt\src\component\common\teaset\components\Toast\Toast.js", "JavaScript", 45, 0, 0, 0, 0, 0, 0, 0, 0, 0, 0, 0, 0, 0, 0, 11, 17, 73
"e:\byt0\byt\src\component\common\teaset\components\Toast\ToastView.js", "JavaScript", 102, 0, 0, 0, 0, 0, 0, 0, 0, 0, 0, 0, 0, 0, 0, 1, 14, 117
"e:\byt0\byt\src\component\common\teaset\components\TransformView\TransformView.js", "JavaScript", 459, 0, 0, 0, 0, 0, 0, 0, 0, 0, 0, 0, 0, 0, 0, 18, 34, 511
"e:\byt0\byt\src\component\common\teaset\components\Wheel\Wheel.js", "JavaScript", 296, 0, 0, 0, 0, 0, 0, 0, 0, 0, 0, 0, 0, 0, 0, 2, 37, 335
"e:\byt0\byt\src\component\common\teaset\components\Wheel\WheelItem.js", "JavaScript", 105, 0, 0, 0, 0, 0, 0, 0, 0, 0, 0, 0, 0, 0, 0, 1, 21, 127
"e:\byt0\byt\src\component\common\teaset\docs\cn\ActionPopover.md", "Markdown", 0, 0, 0, 0, 0, 0, 0, 0, 0, 0, 0, 0, 44, 0, 0, 0, 9, 53
"e:\byt0\byt\src\component\common\teaset\docs\cn\ActionSheet.md", "Markdown", 0, 0, 0, 0, 0, 0, 0, 0, 0, 0, 0, 0, 43, 0, 0, 0, 9, 52
"e:\byt0\byt\src\component\common\teaset\docs\cn\AlbumView.md", "Markdown", 0, 0, 0, 0, 0, 0, 0, 0, 0, 0, 0, 0, 46, 0, 0, 10, 6, 62
"e:\byt0\byt\src\component\common\teaset\docs\cn\Badge.md", "Markdown", 0, 0, 0, 0, 0, 0, 0, 0, 0, 0, 0, 0, 31, 0, 0, 13, 9, 53
"e:\byt0\byt\src\component\common\teaset\docs\cn\BasePage.md", "Markdown", 0, 0, 0, 0, 0, 0, 0, 0, 0, 0, 0, 0, 64, 0, 0, 0, 11, 75
"e:\byt0\byt\src\component\common\teaset\docs\cn\Button.md", "Markdown", 0, 0, 0, 0, 0, 0, 0, 0, 0, 0, 0, 0, 33, 0, 0, 10, 9, 52
"e:\byt0\byt\src\component\common\teaset\docs\cn\Carousel.md", "Markdown", 0, 0, 0, 0, 0, 0, 0, 0, 0, 0, 0, 0, 73, 0, 0, 4, 12, 89
"e:\byt0\byt\src\component\common\teaset\docs\cn\Checkbox.md", "Markdown", 0, 0, 0, 0, 0, 0, 0, 0, 0, 0, 0, 0, 53, 0, 0, 10, 9, 72
"e:\byt0\byt\src\component\common\teaset\docs\cn\Drawer.md", "Markdown", 0, 0, 0, 0, 0, 0, 0, 0, 0, 0, 0, 0, 35, 0, 0, 0, 9, 44
"e:\byt0\byt\src\component\common\teaset\docs\cn\Input.md", "Markdown", 0, 0, 0, 0, 0, 0, 0, 0, 0, 0, 0, 0, 44, 0, 0, 10, 11, 65
"e:\byt0\byt\src\component\common\teaset\docs\cn\Label.md", "Markdown", 0, 0, 0, 0, 0, 0, 0, 0, 0, 0, 0, 0, 25, 0, 0, 13, 7, 45
"e:\byt0\byt\src\component\common\teaset\docs\cn\ListRow.md", "Markdown", 0, 0, 0, 0, 0, 0, 0, 0, 0, 0, 0, 0, 88, 0, 0, 7, 16, 111
"e:\byt0\byt\src\component\common\teaset\docs\cn\Menu.md", "Markdown", 0, 0, 0, 0, 0, 0, 0, 0, 0, 0, 0, 0, 44, 0, 0, 0, 9, 53
"e:\byt0\byt\src\component\common\teaset\docs\cn\ModalIndicator.md", "Markdown", 0, 0, 0, 0, 0, 0, 0, 0, 0, 0, 0, 0, 27, 0, 0, 0, 7, 34
"e:\byt0\byt\src\component\common\teaset\docs\cn\NavigationBar.md", "Markdown", 0, 0, 0, 0, 0, 0, 0, 0, 0, 0, 0, 0, 91, 0, 0, 11, 16, 118
"e:\byt0\byt\src\component\common\teaset\docs\cn\NavigationPage.md", "Markdown", 0, 0, 0, 0, 0, 0, 0, 0, 0, 0, 0, 0, 39, 0, 0, 0, 9, 48
"e:\byt0\byt\src\component\common\teaset\docs\cn\Overlay.md", "Markdown", 0, 0, 0, 0, 0, 0, 0, 0, 0, 0, 0, 0, 181, 0, 0, 0, 22, 203
"e:\byt0\byt\src\component\common\teaset\docs\cn\Popover.md", "Markdown", 0, 0, 0, 0, 0, 0, 0, 0, 0, 0, 0, 0, 37, 0, 0, 13, 9, 59
"e:\byt0\byt\src\component\common\teaset\docs\cn\PopoverPicker.md", "Markdown", 0, 0, 0, 0, 0, 0, 0, 0, 0, 0, 0, 0, 62, 0, 0, 0, 10, 72
"e:\byt0\byt\src\component\common\teaset\docs\cn\Projector.md", "Markdown", 0, 0, 0, 0, 0, 0, 0, 0, 0, 0, 0, 0, 20, 0, 0, 13, 6, 39
"e:\byt0\byt\src\component\common\teaset\docs\cn\PullPicker.md", "Markdown", 0, 0, 0, 0, 0, 0, 0, 0, 0, 0, 0, 0, 56, 0, 0, 0, 10, 66
"e:\byt0\byt\src\component\common\teaset\docs\cn\README.md", "Markdown", 0, 0, 0, 0, 0, 0, 0, 0, 0, 0, 0, 0, 103, 0, 0, 0, 53, 156
"e:\byt0\byt\src\component\common\teaset\docs\cn\SearchInput.md", "Markdown", 0, 0, 0, 0, 0, 0, 0, 0, 0, 0, 0, 0, 42, 0, 0, 10, 10, 62
"e:\byt0\byt\src\component\common\teaset\docs\cn\SegmentedBar.md", "Markdown", 0, 0, 0, 0, 0, 0, 0, 0, 0, 0, 0, 0, 75, 0, 0, 7, 10, 92
"e:\byt0\byt\src\component\common\teaset\docs\cn\SegmentedView.md", "Markdown", 0, 0, 0, 0, 0, 0, 0, 0, 0, 0, 0, 0, 58, 0, 0, 7, 9, 74
"e:\byt0\byt\src\component\common\teaset\docs\cn\Select.md", "Markdown", 0, 0, 0, 0, 0, 0, 0, 0, 0, 0, 0, 0, 77, 0, 0, 10, 12, 99
"e:\byt0\byt\src\component\common\teaset\docs\cn\Stepper.md", "Markdown", 0, 0, 0, 0, 0, 0, 0, 0, 0, 0, 0, 0, 65, 0, 0, 10, 10, 85
"e:\byt0\byt\src\component\common\teaset\docs\cn\TabView.md", "Markdown", 0, 0, 0, 0, 0, 0, 0, 0, 0, 0, 0, 0, 65, 0, 0, 7, 11, 83
"e:\byt0\byt\src\component\common\teaset\docs\cn\TeaNavigator.md", "Markdown", 0, 0, 0, 0, 0, 0, 0, 0, 0, 0, 0, 0, 17, 0, 0, 0, 6, 23
"e:\byt0\byt\src\component\common\teaset\docs\cn\Theme.md", "Markdown", 0, 0, 0, 0, 0, 0, 0, 0, 0, 0, 0, 0, 21, 0, 0, 0, 12, 33
"e:\byt0\byt\src\component\common\teaset\docs\cn\Toast.md", "Markdown", 0, 0, 0, 0, 0, 0, 0, 0, 0, 0, 0, 0, 61, 0, 0, 0, 10, 71
"e:\byt0\byt\src\component\common\teaset\docs\cn\TransformView.md", "Markdown", 0, 0, 0, 0, 0, 0, 0, 0, 0, 0, 0, 0, 35, 0, 0, 10, 7, 52
"e:\byt0\byt\src\component\common\teaset\docs\cn\Wheel.md", "Markdown", 0, 0, 0, 0, 0, 0, 0, 0, 0, 0, 0, 0, 29, 0, 0, 10, 6, 45
"e:\byt0\byt\src\component\common\teaset\index.js", "JavaScript", 72, 0, 0, 0, 0, 0, 0, 0, 0, 0, 0, 0, 0, 0, 0, 1, 14, 87
"e:\byt0\byt\src\component\common\teaset\package.json", "JSON", 0, 0, 0, 0, 31, 0, 0, 0, 0, 0, 0, 0, 0, 0, 0, 0, 1, 32
"e:\byt0\byt\src\component\common\teaset\themes\Theme.js", "JavaScript", 77, 0, 0, 0, 0, 0, 0, 0, 0, 0, 0, 0, 0, 0, 0, 4, 26, 107
"e:\byt0\byt\src\component\common\teaset\themes\ThemeBlack.js", "JavaScript", 353, 0, 0, 0, 0, 0, 0, 0, 0, 0, 0, 0, 0, 0, 0, 54, 32, 439
"e:\byt0\byt\src\component\common\teaset\themes\ThemeDefault.js", "JavaScript", 353, 0, 0, 0, 0, 0, 0, 0, 0, 0, 0, 0, 0, 0, 0, 54, 32, 439
"e:\byt0\byt\src\component\common\teaset\themes\ThemeViolet.js", "JavaScript", 353, 0, 0, 0, 0, 0, 0, 0, 0, 0, 0, 0, 0, 0, 0, 54, 32, 439
"e:\byt0\byt\src\component\common\top.js", "JavaScript", 90, 0, 0, 0, 0, 0, 0, 0, 0, 0, 0, 0, 0, 0, 0, 1, 4, 95
"e:\byt0\byt\src\component\common\videoplayer.js", "JavaScript", 64, 0, 0, 0, 0, 0, 0, 0, 0, 0, 0, 0, 0, 0, 0, 0, 4, 68
"e:\byt0\byt\src\component\common\waterbutton.js", "JavaScript", 70, 0, 0, 0, 0, 0, 0, 0, 0, 0, 0, 0, 0, 0, 0, 0, 6, 76
"e:\byt0\byt\src\component\common\waterfall.js", "JavaScript", 269, 0, 0, 0, 0, 0, 0, 0, 0, 0, 0, 0, 0, 0, 0, 7, 12, 288
"e:\byt0\byt\src\component\first\HighLights.js", "JavaScript", 167, 0, 0, 0, 0, 0, 0, 0, 0, 0, 0, 0, 0, 0, 0, 2, 2, 171
"e:\byt0\byt\src\component\first\actress\index.js", "JavaScript", 89, 0, 0, 0, 0, 0, 0, 0, 0, 0, 0, 0, 0, 0, 0, 0, 1, 90
"e:\byt0\byt\src\component\first\hy.js", "JavaScript", 53, 0, 0, 0, 0, 0, 0, 0, 0, 0, 0, 0, 0, 0, 0, 1, 2, 56
"e:\byt0\byt\src\component\first\legend.js", "JavaScript", 85, 0, 0, 0, 0, 0, 0, 0, 0, 0, 0, 0, 0, 0, 0, 0, 2, 87
"e:\byt0\byt\src\component\first\opera\index.js", "JavaScript", 92, 0, 0, 0, 0, 0, 0, 0, 0, 0, 0, 0, 0, 0, 0, 0, 2, 94
"e:\byt0\byt\src\component\first\scorll\components\SliderEntry.js", "JavaScript", 91, 0, 0, 0, 0, 0, 0, 0, 0, 0, 0, 0, 0, 0, 0, 1, 7, 99
"e:\byt0\byt\src\component\first\scorll\static\entries.js", "JavaScript", 44, 0, 0, 0, 0, 0, 0, 0, 0, 0, 0, 0, 0, 0, 0, 0, 1, 45
"e:\byt0\byt\src\component\first\scorll\styles\SliderEntry.style.js", "JavaScript", 95, 0, 0, 0, 0, 0, 0, 0, 0, 0, 0, 0, 0, 0, 0, 2, 7, 104
"e:\byt0\byt\src\component\first\scorll\styles\index.style.js", "JavaScript", 38, 0, 0, 0, 0, 0, 0, 0, 0, 0, 0, 0, 0, 0, 0, 2, 18, 58
"e:\byt0\byt\src\component\first\scorll\utils\animations.js", "JavaScript", 163, 0, 0, 0, 0, 0, 0, 0, 0, 0, 0, 0, 0, 0, 0, 5, 15, 183
"e:\byt0\byt\src\component\home\userInner.js", "JavaScript", 192, 0, 0, 0, 0, 0, 0, 0, 0, 0, 0, 0, 0, 0, 0, 0, 2, 194
"e:\byt0\byt\src\component\my\address\index.js", "JavaScript", 90, 0, 0, 0, 0, 0, 0, 0, 0, 0, 0, 0, 0, 0, 0, 0, 3, 93
"e:\byt0\byt\src\component\my\address\myAddress.js", "JavaScript", 45, 0, 0, 0, 0, 0, 0, 0, 0, 0, 0, 0, 0, 0, 0, 0, 4, 49
"e:\byt0\byt\src\component\screenplayBase\Comment.js", "JavaScript", 87, 0, 0, 0, 0, 0, 0, 0, 0, 0, 0, 0, 0, 0, 0, 0, 3, 90
"e:\byt0\byt\src\component\screenplayBase\ScreenBase.js", "JavaScript", 38, 0, 0, 0, 0, 0, 0, 0, 0, 0, 0, 0, 0, 0, 0, 0, 4, 42
"e:\byt0\byt\src\component\screenplayBase\commentItem.js", "JavaScript", 90, 0, 0, 0, 0, 0, 0, 0, 0, 0, 0, 0, 0, 0, 0, 0, 1, 91
"e:\byt0\byt\src\component\videoplayer\CustormerBar.js", "JavaScript", 55, 0, 0, 0, 0, 0, 0, 0, 0, 0, 0, 0, 0, 0, 0, 0, 3, 58
"e:\byt0\byt\src\component\videoplayer\RootScreen.js", "JavaScript", 117, 0, 0, 0, 0, 0, 0, 0, 0, 0, 0, 0, 0, 0, 0, 0, 3, 120
"e:\byt0\byt\src\component\videoplayer\VideoCom\index.js", "JavaScript", 335, 0, 0, 0, 0, 0, 0, 0, 0, 0, 0, 0, 0, 0, 0, 0, 7, 342
"e:\byt0\byt\src\component\videoplayer\VideoHead\index.js", "JavaScript", 50, 0, 0, 0, 0, 0, 0, 0, 0, 0, 0, 0, 0, 0, 0, 0, 4, 54
"e:\byt0\byt\src\component\videoplayer\VideoInro\index.js", "JavaScript", 141, 0, 0, 0, 0, 0, 0, 0, 0, 0, 0, 0, 0, 0, 0, 0, 4, 145
"e:\byt0\byt\src\component\videoplayer\VideoPlayScreen.js", "JavaScript", 360, 0, 0, 0, 0, 0, 0, 0, 0, 0, 0, 0, 0, 0, 0, 22, 27, 409
"e:\byt0\byt\src\component\videoplayer\index.js", "JavaScript", 63, 0, 0, 0, 0, 0, 0, 0, 0, 0, 0, 0, 0, 0, 0, 0, 6, 69
"e:\byt0\byt\src\component\videoplayer\test.js", "JavaScript", 236, 0, 0, 0, 0, 0, 0, 0, 0, 0, 0, 0, 0, 0, 0, 3, 31, 270
"e:\byt0\byt\src\component\videoplayer\videoplayer.js", "JavaScript", 268, 0, 0, 0, 0, 0, 0, 0, 0, 0, 0, 0, 0, 0, 0, 50, 12, 330
"e:\byt0\byt\src\component\water.js", "JavaScript", 267, 0, 0, 0, 0, 0, 0, 0, 0, 0, 0, 0, 0, 0, 0, 38, 18, 323
"e:\byt0\byt\src\ddd\index.js", "JavaScript", 488, 0, 0, 0, 0, 0, 0, 0, 0, 0, 0, 0, 0, 0, 0, 4, 6, 498
"e:\byt0\byt\src\ddd\modelize.js", "JavaScript", 47, 0, 0, 0, 0, 0, 0, 0, 0, 0, 0, 0, 0, 0, 0, 0, 2, 49
"e:\byt0\byt\src\ddd\page.js", "JavaScript", 95, 0, 0, 0, 0, 0, 0, 0, 0, 0, 0, 0, 0, 0, 0, 3, 4, 102
"e:\byt0\byt\src\ddd\styleKits.js", "JavaScript", 4, 0, 0, 0, 0, 0, 0, 0, 0, 0, 0, 0, 0, 0, 0, 12, 2, 18
"e:\byt0\byt\src\ddd\zzz.js", "JavaScript", 140, 0, 0, 0, 0, 0, 0, 0, 0, 0, 0, 0, 0, 0, 0, 5, 10, 155
"e:\byt0\byt\src\iconfont\IconAlipay.d.ts", "TypeScript", 0, 0, 0, 0, 0, 0, 0, 0, 0, 0, 0, 9, 0, 0, 0, 2, 5, 16
"e:\byt0\byt\src\iconfont\IconAlipay.js", "JavaScript", 22, 0, 0, 0, 0, 0, 0, 0, 0, 0, 0, 0, 0, 0, 0, 1, 6, 29
"e:\byt0\byt\src\iconfont\IconSetup.d.ts", "TypeScript", 0, 0, 0, 0, 0, 0, 0, 0, 0, 0, 0, 9, 0, 0, 0, 2, 5, 16
"e:\byt0\byt\src\iconfont\IconSetup.js", "JavaScript", 58, 0, 0, 0, 0, 0, 0, 0, 0, 0, 0, 0, 0, 0, 0, 1, 6, 65
"e:\byt0\byt\src\iconfont\IconUser.d.ts", "TypeScript", 0, 0, 0, 0, 0, 0, 0, 0, 0, 0, 0, 9, 0, 0, 0, 2, 5, 16
"e:\byt0\byt\src\iconfont\IconUser.js", "JavaScript", 22, 0, 0, 0, 0, 0, 0, 0, 0, 0, 0, 0, 0, 0, 0, 1, 6, 29
"e:\byt0\byt\src\iconfont\helper.d.ts", "TypeScript", 0, 0, 0, 0, 0, 0, 0, 0, 0, 0, 0, 1, 0, 0, 0, 1, 2, 4
"e:\byt0\byt\src\iconfont\helper.js", "JavaScript", 9, 0, 0, 0, 0, 0, 0, 0, 0, 0, 0, 0, 0, 0, 0, 7, 2, 18
"e:\byt0\byt\src\iconfont\index.d.ts", "TypeScript", 0, 0, 0, 0, 0, 0, 0, 0, 0, 0, 0, 10, 0, 0, 0, 2, 5, 17
"e:\byt0\byt\src\iconfont\index.js", "JavaScript", 17, 0, 0, 0, 0, 0, 0, 0, 0, 0, 0, 0, 0, 0, 0, 1, 7, 25
"e:\byt0\byt\src\lottie\10530-heart-animation.json", "JSON", 0, 0, 0, 0, 1, 0, 0, 0, 0, 0, 0, 0, 0, 0, 0, 0, 0, 1
"e:\byt0\byt\src\lottie\16773-fire.json", "JSON", 0, 0, 0, 0, 1, 0, 0, 0, 0, 0, 0, 0, 0, 0, 0, 0, 0, 1
"e:\byt0\byt\src\lottie\19241-back-button.json", "JSON", 0, 0, 0, 0, 1, 0, 0, 0, 0, 0, 0, 0, 0, 0, 0, 0, 0, 1
"e:\byt0\byt\src\lottie\33369-sailing-ship.json", "JSON", 0, 0, 0, 0, 1, 0, 0, 0, 0, 0, 0, 0, 0, 0, 0, 0, 0, 1
"e:\byt0\byt\src\lottie\37722-bouncy-car.json", "JSON", 0, 0, 0, 0, 1, 0, 0, 0, 0, 0, 0, 0, 0, 0, 0, 0, 0, 1
"e:\byt0\byt\src\lottie\38729-seedling.json", "JSON", 0, 0, 0, 0, 1, 0, 0, 0, 0, 0, 0, 0, 0, 0, 0, 0, 0, 1
"e:\byt0\byt\src\lottie\40716-musicsoundequalizer.json", "JSON", 0, 0, 0, 0, 1, 0, 0, 0, 0, 0, 0, 0, 0, 0, 0, 0, 0, 1
"e:\byt0\byt\src\lottie\58634-fire.json", "JSON", 0, 0, 0, 0, 1, 0, 0, 0, 0, 0, 0, 0, 0, 0, 0, 0, 0, 1
"e:\byt0\byt\src\lottie\63276-blob-blue.json", "JSON", 0, 0, 0, 0, 1, 0, 0, 0, 0, 0, 0, 0, 0, 0, 0, 0, 0, 1
"e:\byt0\byt\src\lottie\65077-breathing-lotus.json", "JSON", 0, 0, 0, 0, 1, 0, 0, 0, 0, 0, 0, 0, 0, 0, 0, 0, 0, 1
"e:\byt0\byt\src\lottie\66720-green-check.json", "JSON", 0, 0, 0, 0, 1, 0, 0, 0, 0, 0, 0, 0, 0, 0, 0, 0, 0, 1
"e:\byt0\byt\src\lottie\68682-checkbox.json", "JSON", 0, 0, 0, 0, 1, 0, 0, 0, 0, 0, 0, 0, 0, 0, 0, 0, 0, 1
"e:\byt0\byt\src\lottie\68683-travel.json", "JSON", 0, 0, 0, 0, 1, 0, 0, 0, 0, 0, 0, 0, 0, 0, 0, 0, 0, 1
"e:\byt0\byt\src\lottie\68689-cute-astronaut-read-book-on-planet-cartoon.json", "JSON", 0, 0, 0, 0, 1, 0, 0, 0, 0, 0, 0, 0, 0, 0, 0, 0, 0, 1
"e:\byt0\byt\src\lottie\68904-tick.json", "JSON", 0, 0, 0, 0, 1, 0, 0, 0, 0, 0, 0, 0, 0, 0, 0, 0, 0, 1
"e:\byt0\byt\src\lottie\69721-fdvbfdb.json", "JSON", 0, 0, 0, 0, 1, 0, 0, 0, 0, 0, 0, 0, 0, 0, 0, 0, 0, 1
"e:\byt0\byt\src\lottie\705-linear-line.json", "JSON", 0, 0, 0, 0, 1, 0, 0, 0, 0, 0, 0, 0, 0, 0, 0, 0, 0, 1
"e:\byt0\byt\src\lottie\72436-green-leafs-loader.json", "JSON", 0, 0, 0, 0, 1, 0, 0, 0, 0, 0, 0, 0, 0, 0, 0, 0, 0, 1
"e:\byt0\byt\src\lottie\9380-transition.json", "JSON", 0, 0, 0, 0, 1, 0, 0, 0, 0, 0, 0, 0, 0, 0, 0, 0, 0, 1
"e:\byt0\byt\src\lottie\9603-success.json", "JSON", 0, 0, 0, 0, 1, 0, 0, 0, 0, 0, 0, 0, 0, 0, 0, 0, 0, 1
"e:\byt0\byt\src\lottie\lf30_editor_daidtw39.json", "JSON", 0, 0, 0, 0, 1, 0, 0, 0, 0, 0, 0, 0, 0, 0, 0, 0, 0, 1
"e:\byt0\byt\src\lottie\lf30_editor_xdvwmx2b.json", "JSON", 0, 0, 0, 0, 1, 0, 0, 0, 0, 0, 0, 0, 0, 0, 0, 0, 0, 1
"e:\byt0\byt\src\lottie\next.json", "JSON", 0, 0, 0, 0, 1, 0, 0, 0, 0, 0, 0, 0, 0, 0, 0, 0, 0, 1
"e:\byt0\byt\src\lottie\三片叶子.json", "JSON", 0, 0, 0, 0, 1, 0, 0, 0, 0, 0, 0, 0, 0, 0, 0, 0, 0, 1
"e:\byt0\byt\src\lottie\好玩的.json", "JSON", 0, 0, 0, 0, 1, 0, 0, 0, 0, 0, 0, 0, 0, 0, 0, 0, 0, 1
"e:\byt0\byt\src\lottie\小树.json", "JSON", 0, 0, 0, 0, 1, 0, 0, 0, 0, 0, 0, 0, 0, 0, 0, 0, 0, 1
"e:\byt0\byt\src\lottie\波浪和船.json", "JSON", 0, 0, 0, 0, 1, 0, 0, 0, 0, 0, 0, 0, 0, 0, 0, 0, 0, 1
"e:\byt0\byt\src\lottie\绿色左箭头.json", "JSON", 0, 0, 0, 0, 1, 0, 0, 0, 0, 0, 0, 0, 0, 0, 0, 0, 0, 1
"e:\byt0\byt\src\lottie\蓝色俩箭头.json", "JSON", 0, 0, 0, 0, 1, 0, 0, 0, 0, 0, 0, 0, 0, 0, 0, 0, 0, 1
"e:\byt0\byt\src\lottie\购物车.json", "JSON", 0, 0, 0, 0, 1, 0, 0, 0, 0, 0, 0, 0, 0, 0, 0, 0, 0, 1
"e:\byt0\byt\src\lottie\身份证认证.json", "JSON", 0, 0, 0, 0, 1, 0, 0, 0, 0, 0, 0, 0, 0, 0, 0, 0, 0, 1
"e:\byt0\byt\src\nav.js", "JavaScript", 238, 0, 0, 0, 0, 0, 0, 0, 0, 0, 0, 0, 0, 0, 0, 0, 9, 247
"e:\byt0\byt\src\pages\demo.js", "JavaScript", 37, 0, 0, 0, 0, 0, 0, 0, 0, 0, 0, 0, 0, 0, 0, 0, 2, 39
"e:\byt0\byt\src\pages\group\components\CustormerBar.js", "JavaScript", 30, 0, 0, 0, 0, 0, 0, 0, 0, 0, 0, 0, 0, 0, 0, 4, 0, 34
"e:\byt0\byt\src\pages\group\follow\index.js", "JavaScript", 187, 0, 0, 0, 0, 0, 0, 0, 0, 0, 0, 0, 0, 0, 0, 0, 7, 194
"e:\byt0\byt\src\pages\group\recommend\animated111.js", "JavaScript", 0, 0, 0, 0, 0, 0, 0, 0, 0, 0, 0, 0, 0, 0, 0, 166, 0, 166
"e:\byt0\byt\src\pages\group\recommend\index.js", "JavaScript", 52, 0, 0, 0, 0, 0, 0, 0, 0, 0, 0, 0, 0, 0, 0, 0, 3, 55
"e:\byt0\byt\src\pages\login.js", "JavaScript", 79, 0, 0, 0, 0, 0, 0, 0, 0, 0, 0, 0, 0, 0, 0, 3, 3, 85
"e:\byt0\byt\src\pages\register.js", "JavaScript", 85, 0, 0, 0, 0, 0, 0, 0, 0, 0, 0, 0, 0, 0, 0, 0, 3, 88
"e:\byt0\byt\src\res\705-linear-line.json", "JSON", 0, 0, 0, 0, 1, 0, 0, 0, 0, 0, 0, 0, 0, 0, 0, 0, 0, 1
"e:\byt0\byt\src\res\fonts\iconSvg.js", "JavaScript", 30, 0, 0, 0, 0, 0, 0, 0, 0, 0, 0, 0, 0, 0, 0, 6, 0, 36
"e:\byt0\byt\src\screens\Timeline\bookDetail.js", "JavaScript", 56, 0, 0, 0, 0, 0, 0, 0, 0, 0, 0, 0, 0, 0, 0, 0, 3, 59
"e:\byt0\byt\src\screens\Timeline\book\BasicMessage.js", "JavaScript", 98, 0, 0, 0, 0, 0, 0, 0, 0, 0, 0, 0, 0, 0, 0, 1, 4, 103
"e:\byt0\byt\src\screens\Timeline\book\CustormerBar.js", "JavaScript", 44, 0, 0, 0, 0, 0, 0, 0, 0, 0, 0, 0, 0, 0, 0, 0, 1, 45
"e:\byt0\byt\src\screens\Timeline\book\JianJie.js", "JavaScript", 62, 0, 0, 0, 0, 0, 0, 0, 0, 0, 0, 0, 0, 0, 0, 1, 3, 66
"e:\byt0\byt\src\screens\Timeline\index.js", "JavaScript", 411, 0, 0, 0, 0, 0, 0, 0, 0, 0, 0, 0, 0, 0, 0, 0, 3, 414
"e:\byt0\byt\src\screens\Timeline\relatedBook.js", "JavaScript", 157, 0, 0, 0, 0, 0, 0, 0, 0, 0, 0, 0, 0, 0, 0, 0, 2, 159
"e:\byt0\byt\src\screens\Timeline\relatedImg.js", "JavaScript", 14, 0, 0, 0, 0, 0, 0, 0, 0, 0, 0, 0, 0, 0, 0, 0, 2, 16
"e:\byt0\byt\src\screens\first\actress\index.js", "JavaScript", 234, 0, 0, 0, 0, 0, 0, 0, 0, 0, 0, 0, 0, 0, 0, 0, 9, 243
"e:\byt0\byt\src\screens\first\actress\information\news.js", "JavaScript", 50, 0, 0, 0, 0, 0, 0, 0, 0, 0, 0, 0, 0, 0, 0, 0, 2, 52
"e:\byt0\byt\src\screens\first\actress\information\picture.js", "JavaScript", 31, 0, 0, 0, 0, 0, 0, 0, 0, 0, 0, 0, 0, 0, 0, 0, 2, 33
"e:\byt0\byt\src\screens\first\actress\information\song.js", "JavaScript", 49, 0, 0, 0, 0, 0, 0, 0, 0, 0, 0, 0, 0, 0, 0, 0, 2, 51
"e:\byt0\byt\src\screens\first\actress\information\video.js", "JavaScript", 47, 0, 0, 0, 0, 0, 0, 0, 0, 0, 0, 0, 0, 0, 0, 0, 3, 50
"e:\byt0\byt\src\screens\first\album\index.js", "JavaScript", 122, 0, 0, 0, 0, 0, 0, 0, 0, 0, 0, 0, 0, 0, 0, 0, 2, 124
"e:\byt0\byt\src\screens\first\article\index.js", "JavaScript", 216, 0, 0, 0, 0, 0, 0, 0, 0, 0, 0, 0, 0, 0, 0, 0, 1, 217
"e:\byt0\byt\src\screens\first\card\index.js", "JavaScript", 114, 0, 0, 0, 0, 0, 0, 0, 0, 0, 0, 0, 0, 0, 0, 1, 1, 116
"e:\byt0\byt\src\screens\first\home\index.js", "JavaScript", 610, 0, 0, 0, 0, 0, 0, 0, 0, 0, 0, 0, 0, 0, 0, 5, 6, 621
"e:\byt0\byt\src\screens\first\home\pages\pagefive\index.js", "JavaScript", 231, 0, 0, 0, 0, 0, 0, 0, 0, 0, 0, 0, 0, 0, 0, 1, 4, 236
"e:\byt0\byt\src\screens\first\home\pages\pagefour\index.js", "JavaScript", 136, 0, 0, 0, 0, 0, 0, 0, 0, 0, 0, 0, 0, 0, 0, 0, 2, 138
"e:\byt0\byt\src\screens\first\home\pages\pageone\index.js", "JavaScript", 94, 0, 0, 0, 0, 0, 0, 0, 0, 0, 0, 0, 0, 0, 0, 0, 3, 97
"e:\byt0\byt\src\screens\first\home\pages\pagethree\index.js", "JavaScript", 68, 0, 0, 0, 0, 0, 0, 0, 0, 0, 0, 0, 0, 0, 0, 0, 1, 69
"e:\byt0\byt\src\screens\first\home\pages\pagetwo\index.js", "JavaScript", 555, 0, 0, 0, 0, 0, 0, 0, 0, 0, 0, 0, 0, 0, 0, 0, 9, 564
"e:\byt0\byt\src\screens\first\home\scorll\components\SliderEntry.js", "JavaScript", 67, 0, 0, 0, 0, 0, 0, 0, 0, 0, 0, 0, 0, 0, 0, 1, 8, 76
"e:\byt0\byt\src\screens\first\home\store\actions.js", "JavaScript", 25, 0, 0, 0, 0, 0, 0, 0, 0, 0, 0, 0, 0, 0, 0, 0, 3, 28
"e:\byt0\byt\src\screens\first\home\store\content.js", "JavaScript", 2, 0, 0, 0, 0, 0, 0, 0, 0, 0, 0, 0, 0, 0, 0, 0, 1, 3
"e:\byt0\byt\src\screens\first\home\store\index.js", "JavaScript", 3, 0, 0, 0, 0, 0, 0, 0, 0, 0, 0, 0, 0, 0, 0, 0, 1, 4
"e:\byt0\byt\src\screens\first\home\store\oriderReducer.js", "JavaScript", 13, 0, 0, 0, 0, 0, 0, 0, 0, 0, 0, 0, 0, 0, 0, 0, 2, 15
"e:\byt0\byt\src\screens\first\home\store\reducers.js", "JavaScript", 13, 0, 0, 0, 0, 0, 0, 0, 0, 0, 0, 0, 0, 0, 0, 0, 2, 15
"e:\byt0\byt\src\screens\first\musicplayer\commonStyle.js", "JavaScript", 63, 0, 0, 0, 0, 0, 0, 0, 0, 0, 0, 0, 0, 0, 0, 48, 10, 121
"e:\byt0\byt\src\screens\first\musicplayer\icon\index.js", "JavaScript", 31, 0, 0, 0, 0, 0, 0, 0, 0, 0, 0, 0, 0, 0, 0, 3, 4, 38
"e:\byt0\byt\src\screens\first\musicplayer\icon\oneIconFont.js", "JavaScript", 47, 0, 0, 0, 0, 0, 0, 0, 0, 0, 0, 0, 0, 0, 0, 3, 3, 53
"e:\byt0\byt\src\screens\first\musicplayer\musicList.json", "JSON", 0, 0, 0, 0, 57, 0, 0, 0, 0, 0, 0, 0, 0, 0, 0, 0, 2, 59
"e:\byt0\byt\src\screens\first\musicplayer\musicPlayer.js", "JavaScript", 301, 0, 0, 0, 0, 0, 0, 0, 0, 0, 0, 0, 0, 0, 0, 59, 30, 390
"e:\byt0\byt\src\screens\first\opera\index.js", "JavaScript", 114, 0, 0, 0, 0, 0, 0, 0, 0, 0, 0, 0, 0, 0, 0, 1, 3, 118
"e:\byt0\byt\src\screens\first\opera\opgroup.js", "JavaScript", 198, 0, 0, 0, 0, 0, 0, 0, 0, 0, 0, 0, 0, 0, 0, 0, 4, 202
"e:\byt0\byt\src\screens\first\opera\opperson.js", "JavaScript", 110, 0, 0, 0, 0, 0, 0, 0, 0, 0, 0, 0, 0, 0, 0, 0, 2, 112
"e:\byt0\byt\src\screens\first\opera\optuijian.js", "JavaScript", 94, 0, 0, 0, 0, 0, 0, 0, 0, 0, 0, 0, 0, 0, 0, 0, 2, 96
"e:\byt0\byt\src\screens\first\school\bipai.js", "JavaScript", 134, 0, 0, 0, 0, 0, 0, 0, 0, 0, 0, 0, 0, 0, 0, 0, 2, 136
"e:\byt0\byt\src\screens\first\school\fanpai.js", "JavaScript", 134, 0, 0, 0, 0, 0, 0, 0, 0, 0, 0, 0, 0, 0, 0, 0, 2, 136
"e:\byt0\byt\src\screens\first\school\fupai.js", "JavaScript", 130, 0, 0, 0, 0, 0, 0, 0, 0, 0, 0, 0, 0, 0, 0, 0, 2, 132
"e:\byt0\byt\src\screens\first\school\jinpai.js", "JavaScript", 136, 0, 0, 0, 0, 0, 0, 0, 0, 0, 0, 0, 0, 0, 0, 0, 2, 138
"e:\byt0\byt\src\screens\first\school\lupai.js", "JavaScript", 134, 0, 0, 0, 0, 0, 0, 0, 0, 0, 0, 0, 0, 0, 0, 0, 2, 136
"e:\byt0\byt\src\screens\first\school\lvpai.js", "JavaScript", 134, 0, 0, 0, 0, 0, 0, 0, 0, 0, 0, 0, 0, 0, 0, 0, 2, 136
"e:\byt0\byt\src\screens\first\school\qipai.js", "JavaScript", 134, 0, 0, 0, 0, 0, 0, 0, 0, 0, 0, 0, 0, 0, 0, 0, 2, 136
"e:\byt0\byt\src\screens\first\school\wangpai.js", "JavaScript", 134, 0, 0, 0, 0, 0, 0, 0, 0, 0, 0, 0, 0, 0, 0, 0, 2, 136
"e:\byt0\byt\src\screens\first\school\xupai.js", "JavaScript", 134, 0, 0, 0, 0, 0, 0, 0, 0, 0, 0, 0, 0, 0, 0, 0, 2, 136
"e:\byt0\byt\src\screens\first\school\yinpai.js", "JavaScript", 136, 0, 0, 0, 0, 0, 0, 0, 0, 0, 0, 0, 0, 0, 0, 0, 2, 138
"e:\byt0\byt\src\screens\first\school\yuanpai.js", "JavaScript", 132, 0, 0, 0, 0, 0, 0, 0, 0, 0, 0, 0, 0, 0, 0, 0, 2, 134
"e:\byt0\byt\src\screens\first\school\zhangpai1.js", "JavaScript", 134, 0, 0, 0, 0, 0, 0, 0, 0, 0, 0, 0, 0, 0, 0, 0, 2, 136
"e:\byt0\byt\src\screens\first\school\zhangpai2.js", "JavaScript", 136, 0, 0, 0, 0, 0, 0, 0, 0, 0, 0, 0, 0, 0, 0, 0, 2, 138
"e:\byt0\byt\src\screens\first\store\index.js", "JavaScript", 2, 0, 0, 0, 0, 0, 0, 0, 0, 0, 0, 0, 0, 0, 0, 0, 2, 4
"e:\byt0\byt\src\screens\index.js", "JavaScript", 134, 0, 0, 0, 0, 0, 0, 0, 0, 0, 0, 0, 0, 0, 0, 1, 12, 147
"e:\byt0\byt\src\screens\my\Login\index.js", "JavaScript", 374, 0, 0, 0, 0, 0, 0, 0, 0, 0, 0, 0, 0, 0, 0, 0, 9, 383
"e:\byt0\byt\src\screens\my\Login\pathMap.js", "JavaScript", 3, 0, 0, 0, 0, 0, 0, 0, 0, 0, 0, 0, 0, 0, 0, 9, 3, 15
"e:\byt0\byt\src\screens\my\Login\store\actions.js", "JavaScript", 5, 0, 0, 0, 0, 0, 0, 0, 0, 0, 0, 0, 0, 0, 0, 0, 3, 8
"e:\byt0\byt\src\screens\my\Login\store\content.js", "JavaScript", 1, 0, 0, 0, 0, 0, 0, 0, 0, 0, 0, 0, 0, 0, 0, 0, 3, 4
"e:\byt0\byt\src\screens\my\Login\store\index.js", "JavaScript", 2, 0, 0, 0, 0, 0, 0, 0, 0, 0, 0, 0, 0, 0, 0, 0, 2, 4
"e:\byt0\byt\src\screens\my\Login\store\reducers.js", "JavaScript", 13, 0, 0, 0, 0, 0, 0, 0, 0, 0, 0, 0, 0, 0, 0, 0, 3, 16
"e:\byt0\byt\src\screens\my\address\address.js", "JavaScript", 129, 0, 0, 0, 0, 0, 0, 0, 0, 0, 0, 0, 0, 0, 0, 2, 5, 136
"e:\byt0\byt\src\screens\my\address\citys.json", "JSON", 0, 0, 0, 0, 4927, 0, 0, 0, 0, 0, 0, 0, 0, 0, 0, 0, 0, 4927
"e:\byt0\byt\src\screens\my\address\newAddress.js", "JavaScript", 182, 0, 0, 0, 0, 0, 0, 0, 0, 0, 0, 0, 0, 0, 0, 30, 3, 215
"e:\byt0\byt\src\screens\my\address\store\actions.js", "JavaScript", 19, 0, 0, 0, 0, 0, 0, 0, 0, 0, 0, 0, 0, 0, 0, 0, 4, 23
"e:\byt0\byt\src\screens\my\address\store\content.js", "JavaScript", 2, 0, 0, 0, 0, 0, 0, 0, 0, 0, 0, 0, 0, 0, 0, 0, 1, 3
"e:\byt0\byt\src\screens\my\address\store\index.js", "JavaScript", 2, 0, 0, 0, 0, 0, 0, 0, 0, 0, 0, 0, 0, 0, 0, 0, 1, 3
"e:\byt0\byt\src\screens\my\address\store\reducers.js", "JavaScript", 15, 0, 0, 0, 0, 0, 0, 0, 0, 0, 0, 0, 0, 0, 0, 0, 2, 17
"e:\byt0\byt\src\screens\my\collection\index.js", "JavaScript", 206, 0, 0, 0, 0, 0, 0, 0, 0, 0, 0, 0, 0, 0, 0, 0, 1, 207
"e:\byt0\byt\src\screens\my\component\CustomAlertDialog.js", "JavaScript", 113, 0, 0, 0, 0, 0, 0, 0, 0, 0, 0, 0, 0, 0, 0, 1, 9, 123
"e:\byt0\byt\src\screens\my\component\Nickname.js", "JavaScript", 50, 0, 0, 0, 0, 0, 0, 0, 0, 0, 0, 0, 0, 0, 0, 2, 1, 53
"e:\byt0\byt\src\screens\my\component\Otherbanner.js", "JavaScript", 67, 0, 0, 0, 0, 0, 0, 0, 0, 0, 0, 0, 0, 0, 0, 2, 4, 73
"e:\byt0\byt\src\screens\my\component\Signature.js", "JavaScript", 59, 0, 0, 0, 0, 0, 0, 0, 0, 0, 0, 0, 0, 0, 0, 2, 2, 63
"e:\byt0\byt\src\screens\my\fan\index.js", "JavaScript", 100, 0, 0, 0, 0, 0, 0, 0, 0, 0, 0, 0, 0, 0, 0, 0, 3, 103
"e:\byt0\byt\src\screens\my\follow\index.js", "JavaScript", 103, 0, 0, 0, 0, 0, 0, 0, 0, 0, 0, 0, 0, 0, 0, 0, 3, 106
"e:\byt0\byt\src\screens\my\follow\store\action.js", "JavaScript", 5, 0, 0, 0, 0, 0, 0, 0, 0, 0, 0, 0, 0, 0, 0, 0, 2, 7
"e:\byt0\byt\src\screens\my\follow\store\content.js", "JavaScript", 1, 0, 0, 0, 0, 0, 0, 0, 0, 0, 0, 0, 0, 0, 0, 0, 1, 2
"e:\byt0\byt\src\screens\my\follow\store\index.js", "JavaScript", 2, 0, 0, 0, 0, 0, 0, 0, 0, 0, 0, 0, 0, 0, 0, 0, 1, 3
"e:\byt0\byt\src\screens\my\follow\store\reducer.js", "JavaScript", 13, 0, 0, 0, 0, 0, 0, 0, 0, 0, 0, 0, 0, 0, 0, 0, 2, 15
"e:\byt0\byt\src\screens\my\history\index.js", "JavaScript", 212, 0, 0, 0, 0, 0, 0, 0, 0, 0, 0, 0, 0, 0, 0, 0, 1, 213
"e:\byt0\byt\src\screens\my\home\index.js", "JavaScript", 161, 0, 0, 0, 0, 0, 0, 0, 0, 0, 0, 0, 0, 0, 0, 3, 5, 169
"e:\byt0\byt\src\screens\my\home\myhome.js", "JavaScript", 109, 0, 0, 0, 0, 0, 0, 0, 0, 0, 0, 0, 0, 0, 0, 1, 2, 112
"e:\byt0\byt\src\screens\my\home\othershome.js", "JavaScript", 104, 0, 0, 0, 0, 0, 0, 0, 0, 0, 0, 0, 0, 0, 0, 1, 5, 110
"e:\byt0\byt\src\screens\my\jifenshop\jifenshop.js", "JavaScript", 226, 0, 0, 0, 0, 0, 0, 0, 0, 0, 0, 0, 0, 0, 0, 0, 3, 229
"e:\byt0\byt\src\screens\my\like\index.js", "JavaScript", 92, 0, 0, 0, 0, 0, 0, 0, 0, 0, 0, 0, 0, 0, 0, 0, 2, 94
"e:\byt0\byt\src\screens\my\order\Myorder.js", "JavaScript", 426, 0, 0, 0, 0, 0, 0, 0, 0, 0, 0, 0, 0, 0, 0, 9, 8, 443
"e:\byt0\byt\src\screens\my\order\component\listItem.js", "JavaScript", 83, 0, 0, 0, 0, 0, 0, 0, 0, 0, 0, 0, 0, 0, 0, 0, 4, 87
"e:\byt0\byt\src\screens\my\order\components\CustormerBar.js", "JavaScript", 44, 0, 0, 0, 0, 0, 0, 0, 0, 0, 0, 0, 0, 0, 0, 0, 1, 45
"e:\byt0\byt\src\screens\my\order\index.js", "JavaScript", 31, 0, 0, 0, 0, 0, 0, 0, 0, 0, 0, 0, 0, 0, 0, 0, 2, 33
"e:\byt0\byt\src\screens\my\order\jifenorder.js", "JavaScript", 13, 0, 0, 0, 0, 0, 0, 0, 0, 0, 0, 0, 0, 0, 0, 0, 2, 15
"e:\byt0\byt\src\screens\my\order\leasedetails.js", "JavaScript", 394, 0, 0, 0, 0, 0, 0, 0, 0, 0, 0, 0, 0, 0, 0, 0, 4, 398
"e:\byt0\byt\src\screens\my\order\leaseorder.js", "JavaScript", 425, 0, 0, 0, 0, 0, 0, 0, 0, 0, 0, 0, 0, 0, 0, 9, 7, 441
"e:\byt0\byt\src\screens\my\order\orderdetails.js", "JavaScript", 445, 0, 0, 0, 0, 0, 0, 0, 0, 0, 0, 0, 0, 0, 0, 0, 3, 448
"e:\byt0\byt\src\screens\my\order\pages\orderItem.js", "JavaScript", 143, 0, 0, 0, 0, 0, 0, 0, 0, 0, 0, 0, 0, 0, 0, 0, 3, 146
"e:\byt0\byt\src\screens\my\order\pages\orderone.js", "JavaScript", 34, 0, 0, 0, 0, 0, 0, 0, 0, 0, 0, 0, 0, 0, 0, 0, 2, 36
"e:\byt0\byt\src\screens\my\order\pages\refund.js", "JavaScript", 91, 0, 0, 0, 0, 0, 0, 0, 0, 0, 0, 0, 0, 0, 0, 0, 1, 92
"e:\byt0\byt\src\screens\my\pay\component\listItem.js", "JavaScript", 83, 0, 0, 0, 0, 0, 0, 0, 0, 0, 0, 0, 0, 0, 0, 0, 4, 87
"e:\byt0\byt\src\screens\my\pay\index.js", "JavaScript", 32, 0, 0, 0, 0, 0, 0, 0, 0, 0, 0, 0, 0, 0, 0, 0, 4, 36
"e:\byt0\byt\src\screens\my\pay\paySuccess.js", "JavaScript", 96, 0, 0, 0, 0, 0, 0, 0, 0, 0, 0, 0, 0, 0, 0, 0, 2, 98
"e:\byt0\byt\src\screens\my\postsale\index.js", "JavaScript", 16, 0, 0, 0, 0, 0, 0, 0, 0, 0, 0, 0, 0, 0, 0, 0, 4, 20
"e:\byt0\byt\src\screens\my\seetings\component\CustomerBar2.js", "JavaScript", 166, 0, 0, 0, 0, 0, 0, 0, 0, 0, 0, 0, 0, 0, 0, 4, 5, 175
"e:\byt0\byt\src\screens\my\seetings\component\CustormerBar.js", "JavaScript", 199, 0, 0, 0, 0, 0, 0, 0, 0, 0, 0, 0, 0, 0, 0, 4, 4, 207
"e:\byt0\byt\src\screens\my\seetings\component\collect.js", "JavaScript", 112, 0, 0, 0, 0, 0, 0, 0, 0, 0, 0, 0, 0, 0, 0, 0, 7, 119
"e:\byt0\byt\src\screens\my\seetings\component\comments.js", "JavaScript", 62, 0, 0, 0, 0, 0, 0, 0, 0, 0, 0, 0, 0, 0, 0, 0, 12, 74
"e:\byt0\byt\src\screens\my\seetings\component\dontai.js", "JavaScript", 240, 0, 0, 0, 0, 0, 0, 0, 0, 0, 0, 0, 0, 0, 0, 1, 10, 251
"e:\byt0\byt\src\screens\my\seetings\component\indontai.js", "JavaScript", 99, 0, 0, 0, 0, 0, 0, 0, 0, 0, 0, 0, 0, 0, 0, 0, 9, 108
"e:\byt0\byt\src\screens\my\seetings\component\soucang.js", "JavaScript", 70, 0, 0, 0, 0, 0, 0, 0, 0, 0, 0, 0, 0, 0, 0, 0, 5, 75
"e:\byt0\byt\src\screens\my\seetings\constent\index.js", "JavaScript", 14, 0, 0, 0, 0, 0, 0, 0, 0, 0, 0, 0, 0, 0, 0, 0, 1, 15
"e:\byt0\byt\src\screens\my\seetings\set.js", "JavaScript", 80, 0, 0, 0, 0, 0, 0, 0, 0, 0, 0, 0, 0, 0, 0, 0, 1, 81
"e:\byt0\byt\src\screens\my\seetings\setting.js", "JavaScript", 76, 0, 0, 0, 0, 0, 0, 0, 0, 0, 0, 0, 0, 0, 0, 0, 4, 80
"e:\byt0\byt\src\screens\my\seetings\store\actions.js", "JavaScript", 5, 0, 0, 0, 0, 0, 0, 0, 0, 0, 0, 0, 0, 0, 0, 0, 2, 7
"e:\byt0\byt\src\screens\my\seetings\store\content.js", "JavaScript", 1, 0, 0, 0, 0, 0, 0, 0, 0, 0, 0, 0, 0, 0, 0, 0, 1, 2
"e:\byt0\byt\src\screens\my\seetings\store\index.js", "JavaScript", 2, 0, 0, 0, 0, 0, 0, 0, 0, 0, 0, 0, 0, 0, 0, 0, 2, 4
"e:\byt0\byt\src\screens\my\seetings\store\reducers.js", "JavaScript", 13, 0, 0, 0, 0, 0, 0, 0, 0, 0, 0, 0, 0, 0, 0, 0, 3, 16
"e:\byt0\byt\src\screens\my\seetings\tuisong.js", "JavaScript", 188, 0, 0, 0, 0, 0, 0, 0, 0, 0, 0, 0, 0, 0, 0, 20, 4, 212
"e:\byt0\byt\src\screens\my\seetings\women.js", "JavaScript", 33, 0, 0, 0, 0, 0, 0, 0, 0, 0, 0, 0, 0, 0, 0, 0, 2, 35
"e:\byt0\byt\src\screens\my\seetings\yijian.js", "JavaScript", 29, 0, 0, 0, 0, 0, 0, 0, 0, 0, 0, 0, 0, 0, 0, 0, 1, 30
"e:\byt0\byt\src\screens\my\seetings\yinsi.js", "JavaScript", 82, 0, 0, 0, 0, 0, 0, 0, 0, 0, 0, 0, 0, 0, 0, 8, 0, 90
"e:\byt0\byt\src\screens\my\seetings\ziliao.js", "JavaScript", 429, 0, 0, 0, 0, 0, 0, 0, 0, 0, 0, 0, 0, 0, 0, 8, 8, 445
"e:\byt0\byt\src\screens\my\store\index.js", "JavaScript", 5, 0, 0, 0, 0, 0, 0, 0, 0, 0, 0, 0, 0, 0, 0, 0, 1, 6
"e:\byt0\byt\src\screens\my\waitcomment\component\listItem.js", "JavaScript", 83, 0, 0, 0, 0, 0, 0, 0, 0, 0, 0, 0, 0, 0, 0, 0, 4, 87
"e:\byt0\byt\src\screens\my\waitcomment\index.js", "JavaScript", 32, 0, 0, 0, 0, 0, 0, 0, 0, 0, 0, 0, 0, 0, 0, 0, 4, 36
"e:\byt0\byt\src\screens\my\waituse\index.js", "JavaScript", 16, 0, 0, 0, 0, 0, 0, 0, 0, 0, 0, 0, 0, 0, 0, 0, 3, 19
"e:\byt0\byt\src\screens\play\act\drama1.js", "JavaScript", 109, 0, 0, 0, 0, 0, 0, 0, 0, 0, 0, 0, 0, 0, 0, 5, 1, 115
"e:\byt0\byt\src\screens\play\act\drama10.js", "JavaScript", 101, 0, 0, 0, 0, 0, 0, 0, 0, 0, 0, 0, 0, 0, 0, 5, 0, 106
"e:\byt0\byt\src\screens\play\act\drama11.js", "JavaScript", 105, 0, 0, 0, 0, 0, 0, 0, 0, 0, 0, 0, 0, 0, 0, 5, 0, 110
"e:\byt0\byt\src\screens\play\act\drama12.js", "JavaScript", 105, 0, 0, 0, 0, 0, 0, 0, 0, 0, 0, 0, 0, 0, 0, 5, 0, 110
"e:\byt0\byt\src\screens\play\act\drama13.js", "JavaScript", 105, 0, 0, 0, 0, 0, 0, 0, 0, 0, 0, 0, 0, 0, 0, 5, 0, 110
"e:\byt0\byt\src\screens\play\act\drama14.js", "JavaScript", 101, 0, 0, 0, 0, 0, 0, 0, 0, 0, 0, 0, 0, 0, 0, 5, 0, 106
"e:\byt0\byt\src\screens\play\act\drama15.js", "JavaScript", 105, 0, 0, 0, 0, 0, 0, 0, 0, 0, 0, 0, 0, 0, 0, 5, 0, 110
"e:\byt0\byt\src\screens\play\act\drama16.js", "JavaScript", 105, 0, 0, 0, 0, 0, 0, 0, 0, 0, 0, 0, 0, 0, 0, 5, 0, 110
"e:\byt0\byt\src\screens\play\act\drama17.js", "JavaScript", 108, 0, 0, 0, 0, 0, 0, 0, 0, 0, 0, 0, 0, 0, 0, 5, 0, 113
"e:\byt0\byt\src\screens\play\act\drama2.js", "JavaScript", 109, 0, 0, 0, 0, 0, 0, 0, 0, 0, 0, 0, 0, 0, 0, 5, 0, 114
"e:\byt0\byt\src\screens\play\act\drama3.js", "JavaScript", 113, 0, 0, 0, 0, 0, 0, 0, 0, 0, 0, 0, 0, 0, 0, 5, 0, 118
"e:\byt0\byt\src\screens\play\act\drama4.js", "JavaScript", 109, 0, 0, 0, 0, 0, 0, 0, 0, 0, 0, 0, 0, 0, 0, 5, 0, 114
"e:\byt0\byt\src\screens\play\act\drama5.js", "JavaScript", 113, 0, 0, 0, 0, 0, 0, 0, 0, 0, 0, 0, 0, 0, 0, 5, 0, 118
"e:\byt0\byt\src\screens\play\act\drama6.js", "JavaScript", 97, 0, 0, 0, 0, 0, 0, 0, 0, 0, 0, 0, 0, 0, 0, 5, 0, 102
"e:\byt0\byt\src\screens\play\act\drama7.js", "JavaScript", 97, 0, 0, 0, 0, 0, 0, 0, 0, 0, 0, 0, 0, 0, 0, 5, 0, 102
"e:\byt0\byt\src\screens\play\act\drama8.js", "JavaScript", 105, 0, 0, 0, 0, 0, 0, 0, 0, 0, 0, 0, 0, 0, 0, 5, 0, 110
"e:\byt0\byt\src\screens\play\act\drama9.js", "JavaScript", 109, 0, 0, 0, 0, 0, 0, 0, 0, 0, 0, 0, 0, 0, 0, 5, 0, 114
"e:\byt0\byt\src\screens\play\act\index.js", "JavaScript", 82, 0, 0, 0, 0, 0, 0, 0, 0, 0, 0, 0, 0, 0, 0, 0, 2, 84
"e:\byt0\byt\src\screens\play\change\animation.js", "JavaScript", 44, 0, 0, 0, 0, 0, 0, 0, 0, 0, 0, 0, 0, 0, 0, 0, 7, 51
"e:\byt0\byt\src\screens\play\change\components\ImgView.js", "JavaScript", 33, 0, 0, 0, 0, 0, 0, 0, 0, 0, 0, 0, 0, 0, 0, 0, 3, 36
"e:\byt0\byt\src\screens\play\change\index.js", "JavaScript", 106, 0, 0, 0, 0, 0, 0, 0, 0, 0, 0, 0, 0, 0, 0, 2, 8, 116
"e:\byt0\byt\src\screens\play\components\jbitem.js", "JavaScript", 49, 0, 0, 0, 0, 0, 0, 0, 0, 0, 0, 0, 0, 0, 0, 0, 3, 52
"e:\byt0\byt\src\screens\play\components\jbitem2.js", "JavaScript", 57, 0, 0, 0, 0, 0, 0, 0, 0, 0, 0, 0, 0, 0, 0, 0, 3, 60
"e:\byt0\byt\src\screens\play\components\songitem.js", "JavaScript", 69, 0, 0, 0, 0, 0, 0, 0, 0, 0, 0, 0, 0, 0, 0, 0, 2, 71
"e:\byt0\byt\src\screens\play\course\bankuai\basic.js", "JavaScript", 140, 0, 0, 0, 0, 0, 0, 0, 0, 0, 0, 0, 0, 0, 0, 0, 1, 141
"e:\byt0\byt\src\screens\play\course\bankuai\master.js", "JavaScript", 155, 0, 0, 0, 0, 0, 0, 0, 0, 0, 0, 0, 0, 0, 0, 0, 7, 162
"e:\byt0\byt\src\screens\play\course\index.js", "JavaScript", 665, 0, 0, 0, 0, 0, 0, 0, 0, 0, 0, 0, 0, 0, 0, 0, 5, 670
"e:\byt0\byt\src\screens\play\home\index.js", "JavaScript", 354, 0, 0, 0, 0, 0, 0, 0, 0, 0, 0, 0, 0, 0, 0, 22, 14, 390
"e:\byt0\byt\src\screens\play\hotlist\index.js", "JavaScript", 258, 0, 0, 0, 0, 0, 0, 0, 0, 0, 0, 0, 0, 0, 0, 0, 2, 260
"e:\byt0\byt\src\screens\play\player\index.js", "JavaScript", 64, 0, 0, 0, 0, 0, 0, 0, 0, 0, 0, 0, 0, 0, 0, 0, 4, 68
"e:\byt0\byt\src\screens\play\scriptlibrary\index.js", "JavaScript", 301, 0, 0, 0, 0, 0, 0, 0, 0, 0, 0, 0, 0, 0, 0, 0, 7, 308
"e:\byt0\byt\src\screens\play\study\details.js", "JavaScript", 169, 0, 0, 0, 0, 0, 0, 0, 0, 0, 0, 0, 0, 0, 0, 0, 3, 172
"e:\byt0\byt\src\screens\play\study\sing.js", "JavaScript", 359, 0, 0, 0, 0, 0, 0, 0, 0, 0, 0, 0, 0, 0, 0, 3, 9, 371
"e:\byt0\byt\src\screens\play\study\singbefore.js", "JavaScript", 96, 0, 0, 0, 0, 0, 0, 0, 0, 0, 0, 0, 0, 0, 0, 4, 12, 112
"e:\byt0\byt\src\screens\play\study\study.js", "JavaScript", 123, 0, 0, 0, 0, 0, 0, 0, 0, 0, 0, 0, 0, 0, 0, 0, 3, 126
"e:\byt0\byt\src\screens\play\vr\index.js", "JavaScript", 37, 0, 0, 0, 0, 0, 0, 0, 0, 0, 0, 0, 0, 0, 0, 2, 6, 45
"e:\byt0\byt\src\screens\shop\home\components\listItem.js", "JavaScript", 53, 0, 0, 0, 0, 0, 0, 0, 0, 0, 0, 0, 0, 0, 0, 0, 4, 57
"e:\byt0\byt\src\screens\shop\home\components\maylike.js", "JavaScript", 73, 0, 0, 0, 0, 0, 0, 0, 0, 0, 0, 0, 0, 0, 0, 0, 2, 75
"e:\byt0\byt\src\screens\shop\home\goods\good.js", "JavaScript", 537, 0, 0, 0, 0, 0, 0, 0, 0, 0, 0, 0, 0, 0, 0, 4, 12, 553
"e:\byt0\byt\src\screens\shop\home\goods\lease.js", "JavaScript", 656, 0, 0, 0, 0, 0, 0, 0, 0, 0, 0, 0, 0, 0, 0, 17, 18, 691
"e:\byt0\byt\src\screens\shop\home\index.js", "JavaScript", 206, 0, 0, 0, 0, 0, 0, 0, 0, 0, 0, 0, 0, 0, 0, 0, 4, 210
"e:\byt0\byt\src\screens\shop\home\jifen\index.js", "JavaScript", 137, 0, 0, 0, 0, 0, 0, 0, 0, 0, 0, 0, 0, 0, 0, 1, 2, 140
"e:\byt0\byt\src\screens\shop\home\ticket\index.js", "JavaScript", 269, 0, 0, 0, 0, 0, 0, 0, 0, 0, 0, 0, 0, 0, 0, 0, 1, 270
"e:\byt0\byt\src\screens\shop\home\ticket\ticketdetail.js", "JavaScript", 463, 0, 0, 0, 0, 0, 0, 0, 0, 0, 0, 0, 0, 0, 0, 0, 4, 467
"e:\byt0\byt\src\screens\shop\home\zhoubian\index.js", "JavaScript", 80, 0, 0, 0, 0, 0, 0, 0, 0, 0, 0, 0, 0, 0, 0, 0, 1, 81
"e:\byt0\byt\src\screens\shop\home\zulin\index.js", "JavaScript", 85, 0, 0, 0, 0, 0, 0, 0, 0, 0, 0, 0, 0, 0, 0, 0, 2, 87
"e:\byt0\byt\src\screens\talk\home\components\CustormerBar.js", "JavaScript", 33, 0, 0, 0, 0, 0, 0, 0, 0, 0, 0, 0, 0, 0, 0, 4, 5, 42
"e:\byt0\byt\src\screens\talk\home\components\MyButton.js", "JavaScript", 56, 0, 0, 0, 0, 0, 0, 0, 0, 0, 0, 0, 0, 0, 0, 2, 2, 60
"e:\byt0\byt\src\screens\talk\home\components\RichTextView.js", "JavaScript", 101, 0, 0, 0, 0, 0, 0, 0, 0, 0, 0, 0, 0, 0, 0, 10, 5, 116
"e:\byt0\byt\src\screens\talk\home\components\jbitem.js", "JavaScript", 62, 0, 0, 0, 0, 0, 0, 0, 0, 0, 0, 0, 0, 0, 0, 0, 2, 64
"e:\byt0\byt\src\screens\talk\home\forum\addMoment.js", "JavaScript", 307, 0, 0, 0, 0, 0, 0, 0, 0, 0, 0, 0, 0, 0, 0, 33, 10, 350
"e:\byt0\byt\src\screens\talk\home\forum\comments.js", "JavaScript", 366, 0, 0, 0, 0, 0, 0, 0, 0, 0, 0, 0, 0, 0, 0, 0, 7, 373
"e:\byt0\byt\src\screens\talk\home\forum\index.js", "JavaScript", 234, 0, 0, 0, 0, 0, 0, 0, 0, 0, 0, 0, 0, 0, 0, 1, 2, 237
"e:\byt0\byt\src\screens\talk\home\forum\inluntan.js", "JavaScript", 264, 0, 0, 0, 0, 0, 0, 0, 0, 0, 0, 0, 0, 0, 0, 0, 6, 270
"e:\byt0\byt\src\screens\talk\home\forum\jubao.js", "JavaScript", 99, 0, 0, 0, 0, 0, 0, 0, 0, 0, 0, 0, 0, 0, 0, 0, 3, 102
"e:\byt0\byt\src\screens\talk\home\forum\luntan.js", "JavaScript", 542, 0, 0, 0, 0, 0, 0, 0, 0, 0, 0, 0, 0, 0, 0, 1, 8, 551
"e:\byt0\byt\src\screens\talk\home\forum\topic.js", "JavaScript", 129, 0, 0, 0, 0, 0, 0, 0, 0, 0, 0, 0, 0, 0, 0, 1, 2, 132
"e:\byt0\byt\src\screens\talk\home\index.js", "JavaScript", 15, 0, 0, 0, 0, 0, 0, 0, 0, 0, 0, 0, 0, 0, 0, 0, 2, 17
"e:\byt0\byt\src\screens\talk\home\live\apply.js", "JavaScript", 390, 0, 0, 0, 0, 0, 0, 0, 0, 0, 0, 0, 0, 0, 0, 3, 11, 404
"e:\byt0\byt\src\screens\talk\home\live\create.js", "JavaScript", 45, 0, 0, 0, 0, 0, 0, 0, 0, 0, 0, 0, 0, 0, 0, 0, 1, 46
"e:\byt0\byt\src\screens\talk\home\live\index.js", "JavaScript", 130, 0, 0, 0, 0, 0, 0, 0, 0, 0, 0, 0, 0, 0, 0, 4, 5, 139
"e:\byt0\byt\src\screens\talk\home\live\kaibo.js", "JavaScript", 451, 0, 0, 0, 0, 0, 0, 0, 0, 0, 0, 0, 0, 0, 0, 83, 25, 559
"e:\byt0\byt\src\screens\talk\home\script\index.js", "JavaScript", 110, 0, 0, 0, 0, 0, 0, 0, 0, 0, 0, 0, 0, 0, 0, 0, 3, 113
"e:\byt0\byt\src\screens\talk\home\script\screenplay.js", "JavaScript", 154, 0, 0, 0, 0, 0, 0, 0, 0, 0, 0, 0, 0, 0, 0, 0, 4, 158
"e:\byt0\byt\src\screens\talk\home\script\screenplay2.js", "JavaScript", 444, 0, 0, 0, 0, 0, 0, 0, 0, 0, 0, 0, 0, 0, 0, 0, 2, 446
"e:\byt0\byt\src\screens\talk\home\script\screenplay3.js", "JavaScript", 369, 0, 0, 0, 0, 0, 0, 0, 0, 0, 0, 0, 0, 0, 0, 0, 2, 371
"e:\byt0\byt\src\screens\talk\home\script\screenplay4.js", "JavaScript", 168, 0, 0, 0, 0, 0, 0, 0, 0, 0, 0, 0, 0, 0, 0, 0, 3, 171
"e:\byt0\byt\src\screens\talk\home\script\screenplay5.js", "JavaScript", 128, 0, 0, 0, 0, 0, 0, 0, 0, 0, 0, 0, 0, 0, 0, 0, 3, 131
"e:\byt0\byt\src\screens\talk\home\script\screenplay6.js", "JavaScript", 158, 0, 0, 0, 0, 0, 0, 0, 0, 0, 0, 0, 0, 0, 0, 0, 3, 161
"e:\byt0\byt\src\screens\talk\home\script\screenplay7.js", "JavaScript", 116, 0, 0, 0, 0, 0, 0, 0, 0, 0, 0, 0, 0, 0, 0, 0, 3, 119
"e:\byt0\byt\src\screens\talk\home\script\screenplay8.js", "JavaScript", 162, 0, 0, 0, 0, 0, 0, 0, 0, 0, 0, 0, 0, 0, 0, 0, 3, 165
"e:\byt0\byt\src\screens\talk\home\script\screenplay9.js", "JavaScript", 152, 0, 0, 0, 0, 0, 0, 0, 0, 0, 0, 0, 0, 0, 0, 0, 3, 155
"e:\byt0\byt\src\screens\talk\home\sing\index.js", "JavaScript", 233, 0, 0, 0, 0, 0, 0, 0, 0, 0, 0, 0, 0, 0, 0, 0, 4, 237
"e:\byt0\byt\src\screens\talk\home\talkRoom\gindex.js", "JavaScript", 264, 0, 0, 0, 0, 0, 0, 0, 0, 0, 0, 0, 0, 0, 0, 134, 29, 427
"e:\byt0\byt\src\screens\talk\home\talkRoom\kaifang.js", "JavaScript", 315, 0, 0, 0, 0, 0, 0, 0, 0, 0, 0, 0, 0, 0, 0, 118, 28, 461
"e:\byt0\byt\src\screens\talk\zhiboye\gindex.js", "JavaScript", 390, 0, 0, 0, 0, 0, 0, 0, 0, 0, 0, 0, 0, 0, 0, 61, 23, 474
"e:\byt0\byt\src\screens\talk\zhiboye\index.js", "JavaScript", 401, 0, 0, 0, 0, 0, 0, 0, 0, 0, 0, 0, 0, 0, 0, 96, 26, 523
"e:\byt0\byt\src\screens\test\AnimatedShape.js", "JavaScript", 98, 0, 0, 0, 0, 0, 0, 0, 0, 0, 0, 0, 0, 0, 0, 0, 12, 110
"e:\byt0\byt\src\screens\test\test1.js", "JavaScript", 60, 0, 0, 0, 0, 0, 0, 0, 0, 0, 0, 0, 0, 0, 0, 2, 6, 68
"e:\byt0\byt\src\screens\test\test2.js", "JavaScript", 60, 0, 0, 0, 0, 0, 0, 0, 0, 0, 0, 0, 0, 0, 0, 2, 6, 68
"e:\byt0\byt\src\screens\test\test3.js", "JavaScript", 60, 0, 0, 0, 0, 0, 0, 0, 0, 0, 0, 0, 0, 0, 0, 2, 6, 68
"e:\byt0\byt\src\screens\test\test4.js", "JavaScript", 60, 0, 0, 0, 0, 0, 0, 0, 0, 0, 0, 0, 0, 0, 0, 2, 6, 68
"e:\byt0\byt\src\screens\test\test5.js", "JavaScript", 70, 0, 0, 0, 0, 0, 0, 0, 0, 0, 0, 0, 0, 0, 0, 2, 6, 78
"e:\byt0\byt\src\screens\test\test6.js", "JavaScript", 66, 0, 0, 0, 0, 0, 0, 0, 0, 0, 0, 0, 0, 0, 0, 2, 6, 74
"e:\byt0\byt\src\screens\test\test8.js", "JavaScript", 149, 0, 0, 0, 0, 0, 0, 0, 0, 0, 0, 0, 0, 0, 0, 2, 24, 175
"e:\byt0\byt\src\service\home\actress\index.js", "JavaScript", 8, 0, 0, 0, 0, 0, 0, 0, 0, 0, 0, 0, 0, 0, 0, 0, 1, 9
"e:\byt0\byt\src\service\home\index.js", "JavaScript", 15, 0, 0, 0, 0, 0, 0, 0, 0, 0, 0, 0, 0, 0, 0, 0, 4, 19
"e:\byt0\byt\src\service\index.js", "JavaScript", 25, 0, 0, 0, 0, 0, 0, 0, 0, 0, 0, 0, 0, 0, 0, 2, 2, 29
"e:\byt0\byt\src\service\mine\index.js", "JavaScript", 13, 0, 0, 0, 0, 0, 0, 0, 0, 0, 0, 0, 0, 0, 0, 0, 2, 15
"e:\byt0\byt\src\service\moment\index.js", "JavaScript", 13, 0, 0, 0, 0, 0, 0, 0, 0, 0, 0, 0, 0, 0, 0, 0, 3, 16
"e:\byt0\byt\src\service\play\index.js", "JavaScript", 3, 0, 0, 0, 0, 0, 0, 0, 0, 0, 0, 0, 0, 0, 0, 0, 2, 5
"e:\byt0\byt\src\service\requset\config.js", "JavaScript", 10, 0, 0, 0, 0, 0, 0, 0, 0, 0, 0, 0, 0, 0, 0, 0, 3, 13
"e:\byt0\byt\src\service\requset\index.js", "JavaScript", 63, 0, 0, 0, 0, 0, 0, 0, 0, 0, 0, 0, 0, 0, 0, 2, 7, 72
"e:\byt0\byt\src\service\shop\index.js", "JavaScript", 23, 0, 0, 0, 0, 0, 0, 0, 0, 0, 0, 0, 0, 0, 0, 0, 5, 28
"e:\byt0\byt\src\service\video\index.js", "JavaScript", 2, 0, 0, 0, 0, 0, 0, 0, 0, 0, 0, 0, 0, 0, 0, 0, 1, 3
"e:\byt0\byt\src\store\index.js", "JavaScript", 7, 0, 0, 0, 0, 0, 0, 0, 0, 0, 0, 0, 0, 0, 0, 0, 2, 9
"e:\byt0\byt\src\store\reducers.js", "JavaScript", 16, 0, 0, 0, 0, 0, 0, 0, 0, 0, 0, 0, 0, 0, 0, 1, 2, 19
"e:\byt0\byt\src\tabbar.js", "JavaScript", 391, 0, 0, 0, 0, 0, 0, 0, 0, 0, 0, 0, 0, 0, 0, 4, 3, 398
"e:\byt0\byt\src\testtt.js", "JavaScript", 408, 0, 0, 0, 0, 0, 0, 0, 0, 0, 0, 0, 0, 0, 0, 3, 3, 414
"e:\byt0\byt\src\utils\changeImgSize.js", "JavaScript", 3, 0, 0, 0, 0, 0, 0, 0, 0, 0, 0, 0, 0, 0, 0, 0, 1, 4
"e:\byt0\byt\src\utils\commomColor.js", "JavaScript", 5, 0, 0, 0, 0, 0, 0, 0, 0, 0, 0, 0, 0, 0, 0, 0, 1, 6
"e:\byt0\byt\src\utils\ezLoading.js", "JavaScript", 89, 0, 0, 0, 0, 0, 0, 0, 0, 0, 0, 0, 0, 0, 0, 9, 11, 109
"e:\byt0\byt\src\utils\loading.js", "JavaScript", 32, 0, 0, 0, 0, 0, 0, 0, 0, 0, 0, 0, 0, 0, 0, 3, 5, 40
"e:\byt0\byt\src\utils\styleKits.js", "JavaScript", 4, 0, 0, 0, 0, 0, 0, 0, 0, 0, 0, 0, 0, 0, 0, 12, 2, 18
"e:\byt0\byt\src\utils\useFollow.js", "JavaScript", 7, 0, 0, 0, 0, 0, 0, 0, 0, 0, 0, 0, 0, 0, 0, 0, 2, 9
"Total", "-", 51238, 8, 134, 68, 78431, 105, 184, 1745, 2389, 87, 153, 38, 1889, 110, 5, 2594, 4830, 144008